estrategia,mes_absoluto,anio,mes_calendario,fecha,ocupacion_asumida,ingreso_bruto,gastos,ingreso_neto,ingreso_neto_acumulado,balance_acumulado,roi_acumulado
1. Residencial anual,1,1,9,2026-09-01,0.95,912.0,212.92933958333333,699.0706604166667,699.0706604166667,-263425.4293395833,0.002937888885970442
2. Estudiantil x habitacion,1,1,9,2026-09-01,0.95,833.625,207.83496458333332,625.7900354166667,625.7900354166667,-263498.70996458334,0.002629922401414863
3. Turistico (Airbnb/Booking),1,1,9,2026-09-01,0.6433012701892219,2841.5389065782156,1285.3193270313561,1556.2195795468597,1556.2195795468597,-262568.2804204531,0.006540111702235174
4. Mixto (curso+verano),1,1,9,2026-09-01,0.95,833.625,207.83496458333332,625.7900354166667,625.7900354166667,-263498.70996458334,0.002629922401414863
1. Residencial anual,2,1,10,2026-10-01,0.95,912.0,212.92933958333333,699.0706604166667,1398.1413208333333,-262726.35867916665,0.005875777771940884
2. Estudiantil x habitacion,2,1,10,2026-10-01,0.95,833.625,207.83496458333332,625.7900354166667,1251.5800708333334,-262872.9199291667,0.005259844802829726
3. Turistico (Airbnb/Booking),2,1,10,2026-10-01,0.625,2760.7,1256.5383395833335,1504.1616604166666,3060.3812399635262,-261064.11876003648,0.01286144669032791
4. Mixto (curso+verano),2,1,10,2026-10-01,0.95,833.625,207.83496458333332,625.7900354166667,1251.5800708333334,-262872.9199291667,0.005259844802829726
1. Residencial anual,3,1,11,2026-11-01,0.95,912.0,212.92933958333333,699.0706604166667,2097.21198125,-262027.28801875,0.008813666657911326
2. Estudiantil x habitacion,3,1,11,2026-11-01,0.95,833.625,207.83496458333332,625.7900354166667,1877.37010625,-262247.12989375,0.007889767204244589
3. Turistico (Airbnb/Booking),3,1,11,2026-11-01,0.6,2650.272,1217.2227795833332,1433.049220416667,4493.430460380193,-259631.0695396198,0.01888392712914559
4. Mixto (curso+verano),3,1,11,2026-11-01,0.95,833.625,207.83496458333332,625.7900354166667,1877.37010625,-262247.12989375,0.007889767204244589
1. Residencial anual,4,1,12,2026-12-01,0.95,912.0,212.92933958333333,699.0706604166667,2796.2826416666667,-261328.21735833332,0.011751555543881768
2. Estudiantil x habitacion,4,1,12,2026-12-01,0.95,833.625,207.83496458333332,625.7900354166667,2503.1601416666667,-261621.33985833335,0.010519689605659452
3. Turistico (Airbnb/Booking),4,1,12,2026-12-01,0.575,2539.8439999999996,1177.9072195833332,1361.9367804166666,5855.36724079686,-258269.13275920314,0.02460755301868821
4. Mixto (curso+verano),4,1,12,2026-12-01,0.95,833.625,207.83496458333332,625.7900354166667,2503.1601416666667,-261621.33985833335,0.010519689605659452
1. Residencial anual,5,1,1,2027-01-01,0.95,912.0,212.92933958333333,699.0706604166667,3495.3533020833333,-260629.14669791667,0.01468944442985221
2. Estudiantil x habitacion,5,1,1,2027-01-01,0.95,833.625,207.83496458333332,625.7900354166667,3128.9501770833335,-260995.54982291666,0.013149612007074317
3. Turistico (Airbnb/Booking),5,1,1,2027-01-01,0.5566987298107781,2459.005093421784,1149.1262321353106,1309.8788612864735,7165.246102083333,-256959.25389791667,0.030112402194088395
4. Mixto (curso+verano),5,1,1,2027-01-01,0.95,833.625,207.83496458333332,625.7900354166667,3128.9501770833335,-260995.54982291666,0.013149612007074317
1. Residencial anual,6,1,2,2027-02-01,0.95,912.0,212.92933958333333,699.0706604166667,4194.4239625,-259930.0760375,0.01762733331582265
2. Estudiantil x habitacion,6,1,2,2027-02-01,0.95,833.625,207.83496458333332,625.7900354166667,3754.7402125,-260369.7597875,0.015779534408489178
3. Turistico (Airbnb/Booking),6,1,2,2027-02-01,0.5499999999999999,2429.4159999999997,1138.5916595833332,1290.8243404166667,8456.0704425,-255668.4295575,0.03553717353435596
4. Mixto (curso+verano),6,1,2,2027-02-01,0.95,833.625,207.83496458333332,625.7900354166667,3754.7402125,-260369.7597875,0.015779534408489178
1. Residencial anual,7,1,3,2027-03-01,0.95,912.0,212.92933958333333,699.0706604166667,4893.494622916667,-259231.00537708332,0.020565222201793097
2. Estudiantil x habitacion,7,1,3,2027-03-01,0.95,833.625,207.83496458333332,625.7900354166667,4380.530247916667,-259743.96975208333,0.01840945680990404
3. Turistico (Airbnb/Booking),7,1,3,2027-03-01,0.5566987298107781,2459.005093421784,1149.1262321353106,1309.8788612864735,9765.949303786474,-254358.55069621353,0.04104202270975614
4. Mixto (curso+verano),7,1,3,2027-03-01,0.95,833.625,207.83496458333332,625.7900354166667,4380.530247916667,-259743.96975208333,0.01840945680990404
1. Residencial anual,8,1,4,2027-04-01,0.95,912.0,212.92933958333333,699.0706604166667,5592.565283333333,-258531.93471666667,0.023503111087763536
2. Estudiantil x habitacion,8,1,4,2027-04-01,0.95,833.625,207.83496458333332,625.7900354166667,5006.3202833333335,-259118.17971666667,0.021039379211318904
3. Turistico (Airbnb/Booking),8,1,4,2027-04-01,0.575,2539.8439999999996,1177.9072195833332,1361.9367804166666,11127.886084203139,-252996.61391579686,0.046765648599298756
4. Mixto (curso+verano),8,1,4,2027-04-01,0.95,833.625,207.83496458333332,625.7900354166667,5006.3202833333335,-259118.17971666667,0.021039379211318904
1. Residencial anual,9,1,5,2027-05-01,0.95,912.0,212.92933958333333,699.0706604166667,6291.63594375,-257832.86405625,0.026440999973733975
2. Estudiantil x habitacion,9,1,5,2027-05-01,0.95,833.625,207.83496458333332,625.7900354166667,5632.11031875,-258492.38968125,0.02366930161273377
3. Turistico (Airbnb/Booking),9,1,5,2027-05-01,0.6,2650.272,1217.2227795833332,1433.049220416667,12560.935304619807,-251563.5646953802,0.05278812903811644
4. Mixto (curso+verano),9,1,5,2027-05-01,0.95,833.625,207.83496458333332,625.7900354166667,5632.11031875,-258492.38968125,0.02366930161273377
1. Residencial anual,10,1,6,2027-06-01,0.95,912.0,212.92933958333333,699.0706604166667,6990.706604166667,-257133.79339583335,0.02937888885970442
2. Estudiantil x habitacion,10,1,6,2027-06-01,0.95,833.625,207.83496458333332,625.7900354166667,6257.900354166667,-257866.59964583334,0.026299224014148633
3. Turistico (Airbnb/Booking),10,1,6,2027-06-01,0.625,2760.7,1256.5383395833335,1504.1616604166666,14065.096965036473,-250059.40303496353,0.059109464026209174
4. Mixto (curso+verano),10,1,6,2027-06-01,0.95,833.625,207.83496458333332,625.7900354166667,6257.900354166667,-257866.59964583334,0.026299224014148633
1. Residencial anual,11,1,7,2027-07-01,0.95,912.0,212.92933958333333,699.0706604166667,7689.777264583334,-256434.72273541667,0.03231677774567487
2. Estudiantil x habitacion,11,1,7,2027-07-01,0.3,263.25,170.76058958333334,92.48941041666667,6350.389764583333,-257774.11023541668,0.026687916640400645
3. Turistico (Airbnb/Booking),11,1,7,2027-07-01,0.6433012701892219,2841.5389065782156,1285.3193270313561,1556.2195795468597,15621.316544583333,-248503.18345541667,0.06564957572844435
4. Mixto (curso+verano),11,1,7,2027-07-01,0.6433012701892219,2841.5389065782156,1285.3193270313561,1556.2195795468597,7814.119933713527,-256310.38006628648,0.032839335716383804
1. Residencial anual,12,1,8,2027-08-01,0.95,912.0,212.92933958333333,699.0706604166667,8388.847925,-255735.652075,0.0352546666316453
2. Estudiantil x habitacion,12,1,8,2027-08-01,0.3,263.25,170.76058958333334,92.48941041666667,6442.879175,-257681.620825,0.02707660926665266
3. Turistico (Airbnb/Booking),12,1,8,2027-08-01,0.65,2871.128,1295.8538995833335,1575.274100416667,17196.590645,-246927.909355,0.07226976526581215
4. Mixto (curso+verano),12,1,8,2027-08-01,0.65,2871.128,1295.8538995833335,1575.274100416667,9389.394034130193,-254735.1059658698,0.0394595252537516
1. Residencial anual,13,2,9,2027-09-01,0.95,912.0,212.92933958333333,699.0706604166667,9087.918585416666,-255036.58141458334,0.038192555517615745
2. Estudiantil x habitacion,13,2,9,2027-09-01,0.95,833.625,207.83496458333332,625.7900354166667,7068.669210416667,-257055.83078958333,0.029706531668067523
3. Turistico (Airbnb/Booking),13,2,9,2027-09-01,0.6433012701892219,2841.5389065782156,1285.3193270313561,1556.2195795468597,18752.810224546858,-245371.68977545315,0.07880987696804731
4. Mixto (curso+verano),13,2,9,2027-09-01,0.95,833.625,207.83496458333332,625.7900354166667,10015.18406954686,-254109.31593045313,0.042089447655166465
1. Residencial anual,14,2,10,2027-10-01,0.95,912.0,212.92933958333333,699.0706604166667,9786.989245833334,-254337.51075416667,0.041130444403586194
2. Estudiantil x habitacion,14,2,10,2027-10-01,0.95,833.625,207.83496458333332,625.7900354166667,7694.459245833334,-256430.04075416666,0.032336454069482386
3. Turistico (Airbnb/Booking),14,2,10,2027-10-01,0.625,2760.7,1256.5383395833335,1504.1616604166666,20256.971884963525,-243867.5281150365,0.08513121195614005
4. Mixto (curso+verano),14,2,10,2027-10-01,0.95,833.625,207.83496458333332,625.7900354166667,10640.974104963527,-253483.52589503647,0.044719370056581324
1. Residencial anual,15,2,11,2027-11-01,0.95,912.0,212.92933958333333,699.0706604166667,10486.05990625,-253638.44009375,0.04406833328955663
2. Estudiantil x habitacion,15,2,11,2027-11-01,0.95,833.625,207.83496458333332,625.7900354166667,8320.24928125,-255804.25071875,0.03496637647089725
3. Turistico (Airbnb/Booking),15,2,11,2027-11-01,0.6,2650.272,1217.2227795833332,1433.049220416667,21690.021105380194,-242434.4788946198,0.09115369239495774
4. Mixto (curso+verano),15,2,11,2027-11-01,0.95,833.625,207.83496458333332,625.7900354166667,11266.764140380194,-252857.7358596198,0.04734929245799619
1. Residencial anual,16,2,12,2027-12-01,0.95,912.0,212.92933958333333,699.0706604166667,11185.130566666667,-252939.36943333334,0.04700622217552707
2. Estudiantil x habitacion,16,2,12,2027-12-01,0.95,833.625,207.83496458333332,625.7900354166667,8946.039316666667,-255178.46068333334,0.03759629887231211
3. Turistico (Airbnb/Booking),16,2,12,2027-12-01,0.575,2539.8439999999996,1177.9072195833332,1361.9367804166666,23051.95788579686,-241072.54211420316,0.09687731828450036
4. Mixto (curso+verano),16,2,12,2027-12-01,0.95,833.625,207.83496458333332,625.7900354166667,11892.55417579686,-252231.94582420314,0.04997921485941106
1. Residencial anual,17,2,1,2028-01-01,0.95,912.0,212.92933958333333,699.0706604166667,11884.201227083333,-252240.29877291666,0.049944111061497515
2. Estudiantil x habitacion,17,2,1,2028-01-01,0.95,833.625,207.83496458333332,625.7900354166667,9571.829352083334,-254552.67064791668,0.04022622127372698
3. Turistico (Airbnb/Booking),17,2,1,2028-01-01,0.5566987298107781,2459.005093421784,1149.1262321353106,1309.8788612864735,24361.836747083333,-239762.66325291665,0.10238216745990053
4. Mixto (curso+verano),17,2,1,2028-01-01,0.95,833.625,207.83496458333332,625.7900354166667,12518.344211213527,-251606.15578878648,0.05260913726082592
1. Residencial anual,18,2,2,2028-02-01,0.95,912.0,212.92933958333333,699.0706604166667,12583.2718875,-251541.2281125,0.05288199994746795
2. Estudiantil x habitacion,18,2,2,2028-02-01,0.95,833.625,207.83496458333332,625.7900354166667,10197.6193875,-253926.8806125,0.04285614367514184
3. Turistico (Airbnb/Booking),18,2,2,2028-02-01,0.5499999999999999,2429.4159999999997,1138.5916595833332,1290.8243404166667,25652.6610875,-238471.8389125,0.1078069388001681
4. Mixto (curso+verano),18,2,2,2028-02-01,0.95,833.625,207.83496458333332,625.7900354166667,13144.134246630194,-250980.3657533698,0.05523905966224078
1. Residencial anual,19,2,3,2028-03-01,0.95,912.0,212.92933958333333,699.0706604166667,13282.342547916667,-250842.15745208334,0.0558198888334384
2. Estudiantil x habitacion,19,2,3,2028-03-01,0.95,833.625,207.83496458333332,625.7900354166667,10823.409422916668,-253301.09057708332,0.045486066076556704
3. Turistico (Airbnb/Booking),19,2,3,2028-03-01,0.5566987298107781,2459.005093421784,1149.1262321353106,1309.8788612864735,26962.539948786474,-237161.96005121354,0.11331178797556829
4. Mixto (curso+verano),19,2,3,2028-03-01,0.95,833.625,207.83496458333332,625.7900354166667,13769.92428204686,-250354.57571795315,0.05786898206365564
1. Residencial anual,20,2,4,2028-04-01,0.95,912.0,212.92933958333333,699.0706604166667,13981.413208333333,-250143.08679166666,0.05875777771940884
2. Estudiantil x habitacion,20,2,4,2028-04-01,0.95,833.625,207.83496458333332,625.7900354166667,11449.199458333334,-252675.30054166666,0.04811598847797157
3. Turistico (Airbnb/Booking),20,2,4,2028-04-01,0.575,2539.8439999999996,1177.9072195833332,1361.9367804166666,28324.47672920314,-235800.02327079687,0.1190354138651109
4. Mixto (curso+verano),20,2,4,2028-04-01,0.95,833.625,207.83496458333332,625.7900354166667,14395.714317463528,-249728.7856825365,0.06049890446507051
1. Residencial anual,21,2,5,2028-05-01,0.95,912.0,212.92933958333333,699.0706604166667,14680.48386875,-249444.01613125,0.06169566660537928
2. Estudiantil x habitacion,21,2,5,2028-05-01,0.95,833.625,207.83496458333332,625.7900354166667,12074.98949375,-252049.51050625,0.05074591087938642
3. Turistico (Airbnb/Booking),21,2,5,2028-05-01,0.6,2650.272,1217.2227795833332,1433.049220416667,29757.525949619805,-234366.9740503802,0.12505789430392858
4. Mixto (curso+verano),21,2,5,2028-05-01,0.95,833.625,207.83496458333332,625.7900354166667,15021.504352880194,-249102.9956471198,0.06312882686648537
1. Residencial anual,22,2,6,2028-06-01,0.95,912.0,212.92933958333333,699.0706604166667,15379.554529166668,-248744.94547083334,0.06463355549134973
2. Estudiantil x habitacion,22,2,6,2028-06-01,0.95,833.625,207.83496458333332,625.7900354166667,12700.779529166666,-251423.72047083333,0.05337583328080129
3. Turistico (Airbnb/Booking),22,2,6,2028-06-01,0.625,2760.7,1256.5383395833335,1504.1616604166666,31261.687610036475,-232862.81238996354,0.13137922929202134
4. Mixto (curso+verano),22,2,6,2028-06-01,0.95,833.625,207.83496458333332,625.7900354166667,15647.294388296861,-248477.20561170313,0.06575874926790024
1. Residencial anual,23,2,7,2028-07-01,0.95,912.0,212.92933958333333,699.0706604166667,16078.625189583334,-248045.87481041666,0.06757144437732017
2. Estudiantil x habitacion,23,2,7,2028-07-01,0.3,263.25,170.76058958333334,92.48941041666667,12793.268939583333,-251331.23106041667,0.0537645259070533
3. Turistico (Airbnb/Booking),23,2,7,2028-07-01,0.6433012701892219,2841.5389065782156,1285.3193270313561,1556.2195795468597,32817.90718958333,-231306.59281041665,0.13791934099425648
4. Mixto (curso+verano),23,2,7,2028-07-01,0.6433012701892219,2841.5389065782156,1285.3193270313561,1556.2195795468597,17203.51396784372,-246920.98603215627,0.07229886097013541
1. Residencial anual,24,2,8,2028-08-01,0.95,912.0,212.92933958333333,699.0706604166667,16777.69585,-247346.80415,0.0705093332632906
2. Estudiantil x habitacion,24,2,8,2028-08-01,0.3,263.25,170.76058958333334,92.48941041666667,12885.75835,-251238.74165,0.05415321853330532
3. Turistico (Airbnb/Booking),24,2,8,2028-08-01,0.65,2871.128,1295.8538995833335,1575.274100416667,34393.18129,-229731.31871,0.1445395305316243
4. Mixto (curso+verano),24,2,8,2028-08-01,0.65,2871.128,1295.8538995833335,1575.274100416667,18778.788068260386,-245345.7119317396,0.0789190505075032
1. Residencial anual,25,3,9,2028-09-01,0.95,912.0,212.92933958333333,699.0706604166667,17476.766510416666,-246647.73348958333,0.07344722214926105
2. Estudiantil x habitacion,25,3,9,2028-09-01,0.95,833.625,207.83496458333332,625.7900354166667,13511.548385416667,-250612.95161458332,0.05678314093472018
3. Turistico (Airbnb/Booking),25,3,9,2028-09-01,0.6433012701892219,2841.5389065782156,1285.3193270313561,1556.2195795468597,35949.40086954686,-228175.09913045313,0.15107964223385945
4. Mixto (curso+verano),25,3,9,2028-09-01,0.95,833.625,207.83496458333332,625.7900354166667,19404.578103677053,-244719.92189632295,0.08154897290891806
1. Residencial anual,26,3,10,2028-10-01,0.95,912.0,212.92933958333333,699.0706604166667,18175.837170833332,-245948.66282916666,0.07638511103523149
2. Estudiantil x habitacion,26,3,10,2028-10-01,0.95,833.625,207.83496458333332,625.7900354166667,14137.338420833334,-249987.16157916666,0.059413063336135045
3. Turistico (Airbnb/Booking),26,3,10,2028-10-01,0.625,2760.7,1256.5383395833335,1504.1616604166666,37453.56252996353,-226670.93747003647,0.1574009772219522
4. Mixto (curso+verano),26,3,10,2028-10-01,0.95,833.625,207.83496458333332,625.7900354166667,20030.36813909372,-244094.1318609063,0.08417889531033293
1. Residencial anual,27,3,11,2028-11-01,0.95,912.0,212.92933958333333,699.0706604166667,18874.90783125,-245249.59216875,0.07932299992120193
2. Estudiantil x habitacion,27,3,11,2028-11-01,0.95,833.625,207.83496458333332,625.7900354166667,14763.12845625,-249361.37154375,0.062042985737549905
3. Turistico (Airbnb/Booking),27,3,11,2028-11-01,0.6,2650.272,1217.2227795833332,1433.049220416667,38886.611750380194,-225237.8882496198,0.16342345766076988
4. Mixto (curso+verano),27,3,11,2028-11-01,0.95,833.625,207.83496458333332,625.7900354166667,20656.158174510387,-243468.34182548962,0.0868088177117478
1. Residencial anual,28,3,12,2028-12-01,0.95,912.0,212.92933958333333,699.0706604166667,19573.97849166667,-244550.52150833333,0.08226088880717239
2. Estudiantil x habitacion,28,3,12,2028-12-01,0.95,833.625,207.83496458333332,625.7900354166667,15388.918491666667,-248735.58150833333,0.06467290813896477
3. Turistico (Airbnb/Booking),28,3,12,2028-12-01,0.575,2539.8439999999996,1177.9072195833332,1361.9367804166666,40248.54853079686,-223875.95146920314,0.16914708355031252
4. Mixto (curso+verano),28,3,12,2028-12-01,0.95,833.625,207.83496458333332,625.7900354166667,21281.948209927054,-242842.55179007293,0.08943874011316265
1. Residencial anual,29,3,1,2029-01-01,0.95,912.0,212.92933958333333,699.0706604166667,20273.049152083335,-243851.45084791665,0.08519877769314282
2. Estudiantil x habitacion,29,3,1,2029-01-01,0.95,833.625,207.83496458333332,625.7900354166667,16014.708527083334,-248109.79147291667,0.06730283054037964
3. Turistico (Airbnb/Booking),29,3,1,2029-01-01,0.5566987298107781,2459.005093421784,1149.1262321353106,1309.8788612864735,41558.42739208334,-222566.07260791666,0.1746519327257127
4. Mixto (curso+verano),29,3,1,2029-01-01,0.95,833.625,207.83496458333332,625.7900354166667,21907.73824534372,-242216.76175465627,0.09206866251457752
1. Residencial anual,30,3,2,2029-02-01,0.95,912.0,212.92933958333333,699.0706604166667,20972.1198125,-243152.3801875,0.08813666657911326
2. Estudiantil x habitacion,30,3,2,2029-02-01,0.95,833.625,207.83496458333332,625.7900354166667,16640.4985625,-247484.0014375,0.0699327529417945
3. Turistico (Airbnb/Booking),30,3,2,2029-02-01,0.5499999999999999,2429.4159999999997,1138.5916595833332,1290.8243404166667,42849.2517325,-221275.2482675,0.18007670406598025
4. Mixto (curso+verano),30,3,2,2029-02-01,0.95,833.625,207.83496458333332,625.7900354166667,22533.528280760387,-241590.9717192396,0.09469858491599238
1. Residencial anual,31,3,3,2029-03-01,0.95,912.0,212.92933958333333,699.0706604166667,21671.190472916667,-242453.30952708333,0.09107455546508371
2. Estudiantil x habitacion,31,3,3,2029-03-01,0.95,833.625,207.83496458333332,625.7900354166667,17266.288597916668,-246858.21140208334,0.07256267534320936
3. Turistico (Airbnb/Booking),31,3,3,2029-03-01,0.5566987298107781,2459.005093421784,1149.1262321353106,1309.8788612864735,44159.130593786474,-219965.36940621352,0.18558155324138043
4. Mixto (curso+verano),31,3,3,2029-03-01,0.95,833.625,207.83496458333332,625.7900354166667,23159.318316177054,-240965.18168382294,0.09732850731740725
1. Residencial anual,32,3,4,2029-04-01,0.95,912.0,212.92933958333333,699.0706604166667,22370.261133333333,-241754.23886666668,0.09401244435105414
2. Estudiantil x habitacion,32,3,4,2029-04-01,0.95,833.625,207.83496458333332,625.7900354166667,17892.078633333334,-246232.42136666668,0.07519259774462422
3. Turistico (Airbnb/Booking),32,3,4,2029-04-01,0.575,2539.8439999999996,1177.9072195833332,1361.9367804166666,45521.06737420314,-218603.43262579685,0.19130517913092307
4. Mixto (curso+verano),32,3,4,2029-04-01,0.95,833.625,207.83496458333332,625.7900354166667,23785.10835159372,-240339.39164840628,0.09995842971882211
1. Residencial anual,33,3,5,2029-05-01,0.95,912.0,212.92933958333333,699.0706604166667,23069.33179375,-241055.16820625,0.09695033323702458
2. Estudiantil x habitacion,33,3,5,2029-05-01,0.95,833.625,207.83496458333332,625.7900354166667,18517.86866875,-245606.63133125,0.07782252014603909
3. Turistico (Airbnb/Booking),33,3,5,2029-05-01,0.6,2650.272,1217.2227795833332,1433.049220416667,46954.11659461981,-217170.38340538018,0.19732765956974074
4. Mixto (curso+verano),33,3,5,2029-05-01,0.95,833.625,207.83496458333332,625.7900354166667,24410.898387010388,-239713.60161298962,0.10258835212023697
1. Residencial anual,34,3,6,2029-06-01,0.95,912.0,212.92933958333333,699.0706604166667,23768.402454166666,-240356.09754583333,0.09988822212299503
2. Estudiantil x habitacion,34,3,6,2029-06-01,0.95,833.625,207.83496458333332,625.7900354166667,19143.658704166668,-244980.84129583332,0.08045244254745396
3. Turistico (Airbnb/Booking),34,3,6,2029-06-01,0.625,2760.7,1256.5383395833335,1504.1616604166666,48458.27825503647,-215666.22174496352,0.20364899455783347
4. Mixto (curso+verano),34,3,6,2029-06-01,0.95,833.625,207.83496458333332,625.7900354166667,25036.688422427054,-239087.81157757295,0.10521827452165183
1. Residencial anual,35,3,7,2029-07-01,0.95,912.0,212.92933958333333,699.0706604166667,24467.473114583332,-239657.02688541668,0.10282611100896547
2. Estudiantil x habitacion,35,3,7,2029-07-01,0.3,263.25,170.76058958333334,92.48941041666667,19236.148114583335,-244888.35188541666,0.08084113517370596
3. Turistico (Airbnb/Booking),35,3,7,2029-07-01,0.6433012701892219,2841.5389065782156,1285.3193270313561,1556.2195795468597,50014.49783458333,-214110.00216541666,0.21018910626006862
4. Mixto (curso+verano),35,3,7,2029-07-01,0.6433012701892219,2841.5389065782156,1285.3193270313561,1556.2195795468597,26592.908001973912,-237531.5919980261,0.11175838622388701
1. Residencial anual,36,3,8,2029-08-01,0.95,912.0,212.92933958333333,699.0706604166667,25166.543775,-238957.956225,0.1057639998949359
2. Estudiantil x habitacion,36,3,8,2029-08-01,0.3,263.25,170.76058958333334,92.48941041666667,19328.637525000002,-244795.862475,0.08122982779995798
3. Turistico (Airbnb/Booking),36,3,8,2029-08-01,0.65,2871.128,1295.8538995833335,1575.274100416667,51589.771935,-212534.728065,0.21680929579743644
4. Mixto (curso+verano),36,3,8,2029-08-01,0.65,2871.128,1295.8538995833335,1575.274100416667,28168.18210239058,-235956.31789760944,0.1183785757612548
1. Residencial anual,37,4,9,2029-09-01,0.95,912.0,212.92933958333333,699.0706604166667,25865.614435416668,-238258.88556458332,0.10870188878090636
2. Estudiantil x habitacion,37,4,9,2029-09-01,0.95,833.625,207.83496458333332,625.7900354166667,19954.42756041667,-244170.07243958334,0.08385975020137285
3. Turistico (Airbnb/Booking),37,4,9,2029-09-01,0.6433012701892219,2841.5389065782156,1285.3193270313561,1556.2195795468597,53145.99151454686,-210978.50848545315,0.2233494074996716
4. Mixto (curso+verano),37,4,9,2029-09-01,0.95,833.625,207.83496458333332,625.7900354166667,28793.972137807246,-235330.52786219274,0.12100849816266966
1. Residencial anual,38,4,10,2029-10-01,0.95,912.0,212.92933958333333,699.0706604166667,26564.685095833334,-237559.81490416668,0.1116397776668768
2. Estudiantil x habitacion,38,4,10,2029-10-01,0.95,833.625,207.83496458333332,625.7900354166667,20580.217595833336,-243544.28240416668,0.08648967260278771
3. Turistico (Airbnb/Booking),38,4,10,2029-10-01,0.625,2760.7,1256.5383395833335,1504.1616604166666,54650.153174963525,-209474.34682503648,0.22967074248776434
4. Mixto (curso+verano),38,4,10,2029-10-01,0.95,833.625,207.83496458333332,625.7900354166667,29419.762173223913,-234704.73782677608,0.12363842056408453
1. Residencial anual,39,4,11,2029-11-01,0.95,912.0,212.92933958333333,699.0706604166667,27263.75575625,-236860.74424375,0.11457766655284723
2. Estudiantil x habitacion,39,4,11,2029-11-01,0.95,833.625,207.83496458333332,625.7900354166667,21206.007631250002,-242918.49236874998,0.08911959500420258
3. Turistico (Airbnb/Booking),39,4,11,2029-11-01,0.6,2650.272,1217.2227795833332,1433.049220416667,56083.20239538019,-208041.29760461982,0.235693222926582
4. Mixto (curso+verano),39,4,11,2029-11-01,0.95,833.625,207.83496458333332,625.7900354166667,30045.55220864058,-234078.94779135942,0.12626834296549938
1. Residencial anual,40,4,12,2029-12-01,0.95,912.0,212.92933958333333,699.0706604166667,27962.826416666667,-236161.67358333332,0.11751555543881768
2. Estudiantil x habitacion,40,4,12,2029-12-01,0.95,833.625,207.83496458333332,625.7900354166667,21831.797666666665,-242292.70233333332,0.09174951740561742
3. Turistico (Airbnb/Booking),40,4,12,2029-12-01,0.575,2539.8439999999996,1177.9072195833332,1361.9367804166666,57445.13917579686,-206679.36082420315,0.24141684881612466
4. Mixto (curso+verano),40,4,12,2029-12-01,0.95,833.625,207.83496458333332,625.7900354166667,30671.342244057247,-233453.15775594275,0.12889826536691426
1. Residencial anual,41,4,1,2030-01-01,0.95,912.0,212.92933958333333,699.0706604166667,28661.897077083333,-235462.60292291667,0.12045344432478812
2. Estudiantil x habitacion,41,4,1,2030-01-01,0.95,833.625,207.83496458333332,625.7900354166667,22457.587702083332,-241666.91229791666,0.09437943980703228
3. Turistico (Airbnb/Booking),41,4,1,2030-01-01,0.5566987298107781,2459.005093421784,1149.1262321353106,1309.8788612864735,58755.01803708333,-205369.48196291667,0.24692169799152483
4. Mixto (curso+verano),41,4,1,2030-01-01,0.95,833.625,207.83496458333332,625.7900354166667,31297.132279473914,-232827.3677205261,0.1315281877683291
1. Residencial anual,42,4,2,2030-02-01,0.95,912.0,212.92933958333333,699.0706604166667,29360.9677375,-234763.5322625,0.12339133321075856
2. Estudiantil x habitacion,42,4,2,2030-02-01,0.95,833.625,207.83496458333332,625.7900354166667,23083.3777375,-241041.1222625,0.09700936220844715
3. Turistico (Airbnb/Booking),42,4,2,2030-02-01,0.5499999999999999,2429.4159999999997,1138.5916595833332,1290.8243404166667,60045.8423775,-204078.6576225,0.2523464693317924
4. Mixto (curso+verano),42,4,2,2030-02-01,0.95,833.625,207.83496458333332,625.7900354166667,31922.92231489058,-232201.57768510943,0.134158110169744
1. Residencial anual,43,4,3,2030-03-01,0.95,912.0,212.92933958333333,699.0706604166667,30060.038397916665,-234064.46160208335,0.126329222096729
2. Estudiantil x habitacion,43,4,3,2030-03-01,0.95,833.625,207.83496458333332,625.7900354166667,23709.167772916666,-240415.33222708333,0.09963928460986202
3. Turistico (Airbnb/Booking),43,4,3,2030-03-01,0.5566987298107781,2459.005093421784,1149.1262321353106,1309.8788612864735,61355.72123878647,-202768.77876121353,0.25785131850719256
4. Mixto (curso+verano),43,4,3,2030-03-01,0.95,833.625,207.83496458333332,625.7900354166667,32548.712350307247,-231575.78764969276,0.13678803257115885
1. Residencial anual,44,4,4,2030-04-01,0.95,912.0,212.92933958333333,699.0706604166667,30759.109058333335,-233365.39094166667,0.12926711098269947
2. Estudiantil x habitacion,44,4,4,2030-04-01,0.95,833.625,207.83496458333332,625.7900354166667,24334.957808333333,-239789.54219166667,0.10226920701127687
3. Turistico (Airbnb/Booking),44,4,4,2030-04-01,0.575,2539.8439999999996,1177.9072195833332,1361.9367804166666,62717.65801920314,-201406.84198079686,0.2635749443967352
4. Mixto (curso+verano),44,4,4,2030-04-01,0.95,833.625,207.83496458333332,625.7900354166667,33174.502385723914,-230949.99761427607,0.1394179549725737
1. Residencial anual,45,4,5,2030-05-01,0.95,912.0,212.92933958333333,699.0706604166667,31458.17971875,-232666.32028125,0.1322049998686699
2. Estudiantil x habitacion,45,4,5,2030-05-01,0.95,833.625,207.83496458333332,625.7900354166667,24960.74784375,-239163.75215625,0.10489912941269174
3. Turistico (Airbnb/Booking),45,4,5,2030-05-01,0.6,2650.272,1217.2227795833332,1433.049220416667,64150.707239619805,-199973.7927603802,0.2695974248355529
4. Mixto (curso+verano),45,4,5,2030-05-01,0.95,833.625,207.83496458333332,625.7900354166667,33800.29242114058,-230324.2075788594,0.14204787737398855
1. Residencial anual,46,4,6,2030-06-01,0.95,912.0,212.92933958333333,699.0706604166667,32157.250379166668,-231967.24962083332,0.13514288875464034
2. Estudiantil x habitacion,46,4,6,2030-06-01,0.95,833.625,207.83496458333332,625.7900354166667,25586.537879166666,-238537.96212083334,0.1075290518141066
3. Turistico (Airbnb/Booking),46,4,6,2030-06-01,0.625,2760.7,1256.5383395833335,1504.1616604166666,65654.86890003647,-198469.63109996353,0.2759187598236456
4. Mixto (curso+verano),46,4,6,2030-06-01,0.95,833.625,207.83496458333332,625.7900354166667,34426.08245655725,-229698.41754344275,0.14467779977540343
1. Residencial anual,47,4,7,2030-07-01,0.95,912.0,212.92933958333333,699.0706604166667,32856.32103958333,-231268.17896041667,0.13808077764061075
2. Estudiantil x habitacion,47,4,7,2030-07-01,0.3,263.25,170.76058958333334,92.48941041666667,25679.027289583333,-238445.47271041665,0.10791774444035862
3. Turistico (Airbnb/Booking),47,4,7,2030-07-01,0.6433012701892219,2841.5389065782156,1285.3193270313561,1556.2195795468597,67211.08847958333,-196913.41152041667,0.2824588715258808
4. Mixto (curso+verano),47,4,7,2030-07-01,0.6433012701892219,2841.5389065782156,1285.3193270313561,1556.2195795468597,35982.302036104105,-228142.1979638959,0.1512179114776386
1. Residencial anual,48,4,8,2030-08-01,0.95,912.0,212.92933958333333,699.0706604166667,33555.3917,-230569.1083,0.1410186665265812
2. Estudiantil x habitacion,48,4,8,2030-08-01,0.3,263.25,170.76058958333334,92.48941041666667,25771.5167,-238352.9833,0.10830643706661064
3. Turistico (Airbnb/Booking),48,4,8,2030-08-01,0.65,2871.128,1295.8538995833335,1575.274100416667,68786.36258,-195338.13741999998,0.2890790610632486
4. Mixto (curso+verano),48,4,8,2030-08-01,0.65,2871.128,1295.8538995833335,1575.274100416667,37557.57613652077,-226566.92386347923,0.1578381010150064
1. Residencial anual,49,5,9,2030-09-01,0.95,912.0,212.92933958333333,699.0706604166667,34254.46236041667,-229870.03763958334,0.14395655541255167
2. Estudiantil x habitacion,49,5,9,2030-09-01,0.95,833.625,207.83496458333332,625.7900354166667,26397.306735416667,-237727.19326458333,0.11093635946802549
3. Turistico (Airbnb/Booking),49,5,9,2030-09-01,0.6433012701892219,2841.5389065782156,1285.3193270313561,1556.2195795468597,70342.58215954686,-193781.91784045316,0.2956191727654838
4. Mixto (curso+verano),49,5,9,2030-09-01,0.95,833.625,207.83496458333332,625.7900354166667,38183.36617193744,-225941.13382806256,0.16046802341642127
1. Residencial anual,50,5,10,2030-10-01,0.95,912.0,212.92933958333333,699.0706604166667,34953.53302083333,-229170.96697916667,0.1468944442985221
2. Estudiantil x habitacion,50,5,10,2030-10-01,0.95,833.625,207.83496458333332,625.7900354166667,27023.096770833334,-237101.40322916667,0.11356628186944036
3. Turistico (Airbnb/Booking),50,5,10,2030-10-01,0.625,2760.7,1256.5383395833335,1504.1616604166666,71846.74381996352,-192277.75618003646,0.30194050775357645
4. Mixto (curso+verano),50,5,10,2030-10-01,0.95,833.625,207.83496458333332,625.7900354166667,38809.156207354106,-225315.3437926459,0.16309794581783613
1. Residencial anual,51,5,11,2030-11-01,0.95,912.0,212.92933958333333,699.0706604166667,35652.60368125,-228471.89631875,0.14983233318449254
2. Estudiantil x habitacion,51,5,11,2030-11-01,0.95,833.625,207.83496458333332,625.7900354166667,27648.88680625,-236475.61319375,0.11619620427085522
3. Turistico (Airbnb/Booking),51,5,11,2030-11-01,0.6,2650.272,1217.2227795833332,1433.049220416667,73279.79304038019,-190844.70695961983,0.30796298819239415
4. Mixto (curso+verano),51,5,11,2030-11-01,0.95,833.625,207.83496458333332,625.7900354166667,39434.94624277078,-224689.55375722924,0.165727868219251
1. Residencial anual,52,5,12,2030-12-01,0.95,912.0,212.92933958333333,699.0706604166667,36351.674341666665,-227772.82565833334,0.15277022207046298
2. Estudiantil x habitacion,52,5,12,2030-12-01,0.95,833.625,207.83496458333332,625.7900354166667,28274.676841666667,-235849.82315833334,0.11882612667227009
3. Turistico (Airbnb/Booking),52,5,12,2030-12-01,0.575,2539.8439999999996,1177.9072195833332,1361.9367804166666,74641.72982079686,-189482.77017920313,0.31368661408193677
4. Mixto (curso+verano),52,5,12,2030-12-01,0.95,833.625,207.83496458333332,625.7900354166667,40060.73627818744,-224063.76372181257,0.16835779062066586
1. Residencial anual,53,5,1,2031-01-01,0.95,912.0,212.92933958333333,699.0706604166667,37050.745002083335,-227073.75499791667,0.15570811095643344
2. Estudiantil x habitacion,53,5,1,2031-01-01,0.95,833.625,207.83496458333332,625.7900354166667,28900.466877083334,-235224.03312291668,0.12145604907368496
3. Turistico (Airbnb/Booking),53,5,1,2031-01-01,0.5566987298107781,2459.005093421784,1149.1262321353106,1309.8788612864735,75951.60868208333,-188172.89131791668,0.31919146325733694
4. Mixto (curso+verano),53,5,1,2031-01-01,0.95,833.625,207.83496458333332,625.7900354166667,40686.52631360411,-223437.97368639588,0.17098771302208074
1. Residencial anual,54,5,2,2031-02-01,0.95,912.0,212.92933958333333,699.0706604166667,37749.8156625,-226374.68433750002,0.15864599984240385
2. Estudiantil x habitacion,54,5,2,2031-02-01,0.95,833.625,207.83496458333332,625.7900354166667,29526.2569125,-234598.24308749998,0.12408597147509981
3. Turistico (Airbnb/Booking),54,5,2,2031-02-01,0.5499999999999999,2429.4159999999997,1138.5916595833332,1290.8243404166667,77242.4330225,-186882.06697749998,0.3246162345976045
4. Mixto (curso+verano),54,5,2,2031-02-01,0.95,833.625,207.83496458333332,625.7900354166667,41312.31634902077,-222812.18365097922,0.1736176354234956
1. Residencial anual,55,5,3,2031-03-01,0.95,912.0,212.92933958333333,699.0706604166667,38448.88632291667,-225675.61367708334,0.16158388872837431
2. Estudiantil x habitacion,55,5,3,2031-03-01,0.95,833.625,207.83496458333332,625.7900354166667,30152.046947916668,-233972.45305208332,0.1267158938765147
3. Turistico (Airbnb/Booking),55,5,3,2031-03-01,0.5566987298107781,2459.005093421784,1149.1262321353106,1309.8788612864735,78552.31188378647,-185572.18811621354,0.33012108377300475
4. Mixto (curso+verano),55,5,3,2031-03-01,0.95,833.625,207.83496458333332,625.7900354166667,41938.106384437444,-222186.39361556256,0.17624755782491047
1. Residencial anual,56,5,4,2031-04-01,0.95,912.0,212.92933958333333,699.0706604166667,39147.95698333334,-224976.54301666666,0.16452177761434478
2. Estudiantil x habitacion,56,5,4,2031-04-01,0.95,833.625,207.83496458333332,625.7900354166667,30777.836983333335,-233346.66301666666,0.12934581627792954
3. Turistico (Airbnb/Booking),56,5,4,2031-04-01,0.575,2539.8439999999996,1177.9072195833332,1361.9367804166666,79914.24866420314,-184210.25133579684,0.33584470966254737
4. Mixto (curso+verano),56,5,4,2031-04-01,0.95,833.625,207.83496458333332,625.7900354166667,42563.89641985411,-221560.6035801459,0.1788774802263253
1. Residencial anual,57,5,5,2031-05-01,0.95,912.0,212.92933958333333,699.0706604166667,39847.02764375,-224277.47235625,0.16745966650031519
2. Estudiantil x habitacion,57,5,5,2031-05-01,0.95,833.625,207.83496458333332,625.7900354166667,31403.62701875,-232720.87298125,0.1319757386793444
3. Turistico (Airbnb/Booking),57,5,5,2031-05-01,0.6,2650.272,1217.2227795833332,1433.049220416667,81347.29788461981,-182777.2021153802,0.341867190101365
4. Mixto (curso+verano),57,5,5,2031-05-01,0.95,833.625,207.83496458333332,625.7900354166667,43189.68645527077,-220934.81354472923,0.18150740262774015
1. Residencial anual,58,5,6,2031-06-01,0.95,912.0,212.92933958333333,699.0706604166667,40546.09830416667,-223578.40169583334,0.17039755538628565
2. Estudiantil x habitacion,58,5,6,2031-06-01,0.95,833.625,207.83496458333332,625.7900354166667,32029.417054166668,-232095.08294583333,0.13460566108075928
3. Turistico (Airbnb/Booking),58,5,6,2031-06-01,0.625,2760.7,1256.5383395833335,1504.1616604166666,82851.45954503647,-181273.0404549635,0.34818852508945775
4. Mixto (curso+verano),58,5,6,2031-06-01,0.95,833.625,207.83496458333332,625.7900354166667,43815.47649068744,-220309.02350931257,0.18413732502915503
1. Residencial anual,59,5,7,2031-07-01,0.95,912.0,212.92933958333333,699.0706604166667,41245.16896458333,-222879.33103541666,0.17333544427225608
2. Estudiantil x habitacion,59,5,7,2031-07-01,0.3,263.25,170.76058958333334,92.48941041666667,32121.906464583335,-232002.59353541667,0.1349943537070113
3. Turistico (Airbnb/Booking),59,5,7,2031-07-01,0.6433012701892219,2841.5389065782156,1285.3193270313561,1556.2195795468597,84407.67912458333,-179716.82087541668,0.3547286367916929
4. Mixto (curso+verano),59,5,7,2031-07-01,0.6433012701892219,2841.5389065782156,1285.3193270313561,1556.2195795468597,45371.6960702343,-218752.8039297657,0.1906774367313902
1. Residencial anual,60,5,8,2031-08-01,0.95,912.0,212.92933958333333,699.0706604166667,41944.239625,-222180.260375,0.17627333315822652
2. Estudiantil x habitacion,60,5,8,2031-08-01,0.3,263.25,170.76058958333334,92.48941041666667,32214.395875000002,-231910.104125,0.1353830463332633
3. Turistico (Airbnb/Booking),60,5,8,2031-08-01,0.65,2871.128,1295.8538995833335,1575.274100416667,85982.953225,-178141.546775,0.36134882632906073
4. Mixto (curso+verano),60,5,8,2031-08-01,0.65,2871.128,1295.8538995833335,1575.274100416667,46946.970170650966,-217177.52982934902,0.197297626268758
1. Residencial anual,61,6,9,2031-09-01,0.95,912.0,212.92933958333333,699.0706604166667,42643.310285416665,-221481.18971458334,0.17921122204419696
2. Estudiantil x habitacion,61,6,9,2031-09-01,0.95,833.625,207.83496458333332,625.7900354166667,32840.185910416665,-231284.31408958335,0.13801296873467814
3. Turistico (Airbnb/Booking),61,6,9,2031-09-01,0.6433012701892219,2841.5389065782156,1285.3193270313561,1556.2195795468597,87539.17280454686,-176585.32719545314,0.3678889380312959
4. Mixto (curso+verano),61,6,9,2031-09-01,0.95,833.625,207.83496458333332,625.7900354166667,47572.760206067636,-216551.73979393236,0.19992754867017287
1. Residencial anual,62,6,10,2031-10-01,0.95,912.0,212.92933958333333,699.0706604166667,43342.380945833334,-220782.11905416666,0.18214911093016742
2. Estudiantil x habitacion,62,6,10,2031-10-01,0.95,833.625,207.83496458333332,625.7900354166667,33465.975945833336,-230658.52405416666,0.14064289113609302
3. Turistico (Airbnb/Booking),62,6,10,2031-10-01,0.625,2760.7,1256.5383395833335,1504.1616604166666,89043.33446496353,-175081.16553503647,0.37421027301938864
4. Mixto (curso+verano),62,6,10,2031-10-01,0.95,833.625,207.83496458333332,625.7900354166667,48198.5502414843,-215925.9497585157,0.20255747107158772
1. Residencial anual,63,6,11,2031-11-01,0.95,912.0,212.92933958333333,699.0706604166667,44041.45160625,-220083.04839375,0.18508699981613783
2. Estudiantil x habitacion,63,6,11,2031-11-01,0.95,833.625,207.83496458333332,625.7900354166667,34091.76598125,-230032.73401875,0.14327281353750787
3. Turistico (Airbnb/Booking),63,6,11,2031-11-01,0.6,2650.272,1217.2227795833332,1433.049220416667,90476.38368538019,-173648.1163146198,0.3802327534582063
4. Mixto (curso+verano),63,6,11,2031-11-01,0.95,833.625,207.83496458333332,625.7900354166667,48824.34027690097,-215300.15972309903,0.2051873934730026
1. Residencial anual,64,6,12,2031-12-01,0.95,912.0,212.92933958333333,699.0706604166667,44740.52226666667,-219383.97773333333,0.1880248887021083
2. Estudiantil x habitacion,64,6,12,2031-12-01,0.95,833.625,207.83496458333332,625.7900354166667,34717.55601666667,-229406.94398333333,0.14590273593892275
3. Turistico (Airbnb/Booking),64,6,12,2031-12-01,0.575,2539.8439999999996,1177.9072195833332,1361.9367804166666,91838.32046579686,-172286.17953420314,0.38595637934774896
4. Mixto (curso+verano),64,6,12,2031-12-01,0.95,833.625,207.83496458333332,625.7900354166667,49450.13031231763,-214674.36968768237,0.20781731587441746
1. Residencial anual,65,6,1,2032-01-01,0.95,912.0,212.92933958333333,699.0706604166667,45439.59292708334,-218684.90707291666,0.19096277758807875
2. Estudiantil x habitacion,65,6,1,2032-01-01,0.95,833.625,207.83496458333332,625.7900354166667,35343.34605208333,-228781.15394791667,0.1485326583403376
3. Turistico (Airbnb/Booking),65,6,1,2032-01-01,0.5566987298107781,2459.005093421784,1149.1262321353106,1309.8788612864735,93148.19932708333,-170976.30067291667,0.39146122852314913
4. Mixto (curso+verano),65,6,1,2032-01-01,0.95,833.625,207.83496458333332,625.7900354166667,50075.9203477343,-214048.5796522657,0.21044723827583234
1. Residencial anual,66,6,2,2032-02-01,0.95,912.0,212.92933958333333,699.0706604166667,46138.6635875,-217985.8364125,0.19390066647404916
2. Estudiantil x habitacion,66,6,2,2032-02-01,0.95,833.625,207.83496458333332,625.7900354166667,35969.1360875,-228155.3639125,0.15116258074175248
3. Turistico (Airbnb/Booking),66,6,2,2032-02-01,0.5499999999999999,2429.4159999999997,1138.5916595833332,1290.8243404166667,94439.0236675,-169685.4763325,0.3968859998634167
4. Mixto (curso+verano),66,6,2,2032-02-01,0.95,833.625,207.83496458333332,625.7900354166667,50701.71038315097,-213422.78961684904,0.2130771606772472
1. Residencial anual,67,6,3,2032-03-01,0.95,912.0,212.92933958333333,699.0706604166667,46837.73424791667,-217286.76575208333,0.19683855536001962
2. Estudiantil x habitacion,67,6,3,2032-03-01,0.95,833.625,207.83496458333332,625.7900354166667,36594.926122916666,-227529.57387708334,0.15379250314316734
3. Turistico (Airbnb/Booking),67,6,3,2032-03-01,0.5566987298107781,2459.005093421784,1149.1262321353106,1309.8788612864735,95748.90252878648,-168375.59747121352,0.4023908490388169
4. Mixto (curso+verano),67,6,3,2032-03-01,0.95,833.625,207.83496458333332,625.7900354166667,51327.50041856764,-212796.99958143238,0.21570708307866207
1. Residencial anual,68,6,4,2032-04-01,0.95,912.0,212.92933958333333,699.0706604166667,47536.80490833333,-216587.69509166665,0.19977644424599006
2. Estudiantil x habitacion,68,6,4,2032-04-01,0.95,833.625,207.83496458333332,625.7900354166667,37220.716158333336,-226903.78384166665,0.15642242554458222
3. Turistico (Airbnb/Booking),68,6,4,2032-04-01,0.575,2539.8439999999996,1177.9072195833332,1361.9367804166666,97110.83930920313,-167013.66069079685,0.40811447492835945
4. Mixto (curso+verano),68,6,4,2032-04-01,0.95,833.625,207.83496458333332,625.7900354166667,51953.2904539843,-212171.2095460157,0.2183370054800769
1. Residencial anual,69,6,5,2032-05-01,0.95,912.0,212.92933958333333,699.0706604166667,48235.87556875,-215888.62443125,0.2027143331319605
2. Estudiantil x habitacion,69,6,5,2032-05-01,0.95,833.625,207.83496458333332,625.7900354166667,37846.50619375,-226277.99380625,0.15905234794599707
3. Turistico (Airbnb/Booking),69,6,5,2032-05-01,0.6,2650.272,1217.2227795833332,1433.049220416667,98543.88852961981,-165580.6114703802,0.4141369553671772
4. Mixto (curso+verano),69,6,5,2032-05-01,0.95,833.625,207.83496458333332,625.7900354166667,52579.08048940097,-211545.41951059902,0.22096692788149178
1. Residencial anual,70,6,6,2032-06-01,0.95,912.0,212.92933958333333,699.0706604166667,48934.946229166664,-215189.55377083333,0.20565222201793093
2. Estudiantil x habitacion,70,6,6,2032-06-01,0.95,833.625,207.83496458333332,625.7900354166667,38472.29622916667,-225652.20377083332,0.16168227034741192
3. Turistico (Airbnb/Booking),70,6,6,2032-06-01,0.625,2760.7,1256.5383395833335,1504.1616604166666,100048.05019003648,-164076.44980996352,0.42045829035526994
4. Mixto (curso+verano),70,6,6,2032-06-01,0.95,833.625,207.83496458333332,625.7900354166667,53204.870524817634,-210919.62947518236,0.22359685028290663
1. Residencial anual,71,6,7,2032-07-01,0.95,912.0,212.92933958333333,699.0706604166667,49634.016889583334,-214490.48311041668,0.2085901109039014
2. Estudiantil x habitacion,71,6,7,2032-07-01,0.3,263.25,170.76058958333334,92.48941041666667,38564.78563958334,-225559.71436041666,0.16207096297366394
3. Turistico (Airbnb/Booking),71,6,7,2032-07-01,0.6433012701892219,2841.5389065782156,1285.3193270313561,1556.2195795468597,101604.26976958333,-162520.23023041667,0.42699840205750506
4. Mixto (curso+verano),71,6,7,2032-07-01,0.6433012701892219,2841.5389065782156,1285.3193270313561,1556.2195795468597,54761.09010436449,-209363.4098956355,0.2301369619851418
1. Residencial anual,72,6,8,2032-08-01,0.95,912.0,212.92933958333333,699.0706604166667,50333.08755,-213791.41245,0.2115279997898718
2. Estudiantil x habitacion,72,6,8,2032-08-01,0.3,263.25,170.76058958333334,92.48941041666667,38657.275050000004,-225467.22495,0.16245965559991596
3. Turistico (Airbnb/Booking),72,6,8,2032-08-01,0.65,2871.128,1295.8538995833335,1575.274100416667,103179.54387,-160944.95613,0.43361859159487287
4. Mixto (curso+verano),72,6,8,2032-08-01,0.65,2871.128,1295.8538995833335,1575.274100416667,56336.36420478116,-207788.13579521884,0.2367571515225096
1. Residencial anual,73,7,9,2032-09-01,0.95,912.0,212.92933958333333,699.0706604166667,51032.15821041667,-213092.34178958333,0.21446588867584226
2. Estudiantil x habitacion,73,7,9,2032-09-01,0.95,833.625,207.83496458333332,625.7900354166667,39283.06508541667,-224841.43491458334,0.1650895780013308
3. Turistico (Airbnb/Booking),73,7,9,2032-09-01,0.6433012701892219,2841.5389065782156,1285.3193270313561,1556.2195795468597,104735.76344954687,-159388.73655045312,0.4401587032971081
4. Mixto (curso+verano),73,7,9,2032-09-01,0.95,833.625,207.83496458333332,625.7900354166667,56962.15424019783,-207162.34575980218,0.23938707392392447
1. Residencial anual,74,7,10,2032-10-01,0.95,912.0,212.92933958333333,699.0706604166667,51731.228870833336,-212393.27112916665,0.21740377756181273
2. Estudiantil x habitacion,74,7,10,2032-10-01,0.95,833.625,207.83496458333332,625.7900354166667,39908.85512083334,-224215.64487916668,0.1677195004027457
3. Turistico (Airbnb/Booking),74,7,10,2032-10-01,0.625,2760.7,1256.5383395833335,1504.1616604166666,106239.92510996353,-157884.57489003649,0.4464800382852008
4. Mixto (curso+verano),74,7,10,2032-10-01,0.95,833.625,207.83496458333332,625.7900354166667,57587.94427561449,-206536.55572438551,0.24201699632533932
1. Residencial anual,75,7,11,2032-11-01,0.95,912.0,212.92933958333333,699.0706604166667,52430.29953125,-211694.20046875,0.22034166644778314
2. Estudiantil x habitacion,75,7,11,2032-11-01,0.95,833.625,207.83496458333332,625.7900354166667,40534.64515625,-223589.85484375,0.17034942280416054
3. Turistico (Airbnb/Booking),75,7,11,2032-11-01,0.6,2650.272,1217.2227795833332,1433.049220416667,107672.9743303802,-156451.5256696198,0.4525025187240185
4. Mixto (curso+verano),75,7,11,2032-11-01,0.95,833.625,207.83496458333332,625.7900354166667,58213.73431103116,-205910.76568896882,0.2446469187267542
1. Residencial anual,76,7,12,2032-12-01,0.95,912.0,212.92933958333333,699.0706604166667,53129.37019166667,-210995.12980833332,0.2232795553337536
2. Estudiantil x habitacion,76,7,12,2032-12-01,0.95,833.625,207.83496458333332,625.7900354166667,41160.43519166667,-222964.06480833332,0.17297934520557542
3. Turistico (Airbnb/Booking),76,7,12,2032-12-01,0.575,2539.8439999999996,1177.9072195833332,1361.9367804166666,109034.91111079686,-155089.58888920315,0.4582261446135611
4. Mixto (curso+verano),76,7,12,2032-12-01,0.95,833.625,207.83496458333332,625.7900354166667,58839.524346447826,-205284.97565355216,0.24727684112816906
1. Residencial anual,77,7,1,2033-01-01,0.95,912.0,212.92933958333333,699.0706604166667,53828.44085208333,-210296.05914791668,0.22621744421972403
2. Estudiantil x habitacion,77,7,1,2033-01-01,0.95,833.625,207.83496458333332,625.7900354166667,41786.225227083334,-222338.27477291666,0.17560926760699028
3. Turistico (Airbnb/Booking),77,7,1,2033-01-01,0.5566987298107781,2459.005093421784,1149.1262321353106,1309.8788612864735,110344.78997208334,-153779.71002791665,0.46373099378896127
4. Mixto (curso+verano),77,7,1,2033-01-01,0.95,833.625,207.83496458333332,625.7900354166667,59465.3143818645,-204659.1856181355,0.24990676352958394
1. Residencial anual,78,7,2,2033-02-01,0.95,912.0,212.92933958333333,699.0706604166667,54527.5115125,-209596.9884875,0.22915533310569447
2. Estudiantil x habitacion,78,7,2,2033-02-01,0.95,833.625,207.83496458333332,625.7900354166667,42412.015262500005,-221712.4847375,0.17823919000840516
3. Turistico (Airbnb/Booking),78,7,2,2033-02-01,0.5499999999999999,2429.4159999999997,1138.5916595833332,1290.8243404166667,111635.6143125,-152488.8856875,0.4691557651292288
4. Mixto (curso+verano),78,7,2,2033-02-01,0.95,833.625,207.83496458333332,625.7900354166667,60091.10441728116,-204033.39558271883,0.25253668593099876
1. Residencial anual,79,7,3,2033-03-01,0.95,912.0,212.92933958333333,699.0706604166667,55226.582172916664,-208897.91782708332,0.2320932219916649
2. Estudiantil x habitacion,79,7,3,2033-03-01,0.95,833.625,207.83496458333332,625.7900354166667,43037.80529791667,-221086.69470208333,0.18086911240981998
3. Turistico (Airbnb/Booking),79,7,3,2033-03-01,0.5566987298107781,2459.005093421784,1149.1262321353106,1309.8788612864735,112945.49317378647,-151179.00682621353,0.47466061430462897
4. Mixto (curso+verano),79,7,3,2033-03-01,0.95,833.625,207.83496458333332,625.7900354166667,60716.89445269783,-203407.60554730217,0.25516660833241367
1. Residencial anual,80,7,4,2033-04-01,0.95,912.0,212.92933958333333,699.0706604166667,55925.65283333333,-208198.84716666667,0.23503111087763537
2. Estudiantil x habitacion,80,7,4,2033-04-01,0.95,833.625,207.83496458333332,625.7900354166667,43663.59533333333,-220460.90466666667,0.18349903481123483
3. Turistico (Airbnb/Booking),80,7,4,2033-04-01,0.575,2539.8439999999996,1177.9072195833332,1361.9367804166666,114307.42995420314,-149817.07004579686,0.48038424019417164
4. Mixto (curso+verano),80,7,4,2033-04-01,0.95,833.625,207.83496458333332,625.7900354166667,61342.68448811449,-202781.8155118855,0.2577965307338285
1. Residencial anual,81,7,5,2033-05-01,0.95,912.0,212.92933958333333,699.0706604166667,56624.72349375,-207499.77650625,0.2379689997636058
2. Estudiantil x habitacion,81,7,5,2033-05-01,0.95,833.625,207.83496458333332,625.7900354166667,44289.38536875,-219835.11463125,0.18612895721264971
3. Turistico (Airbnb/Booking),81,7,5,2033-05-01,0.6,2650.272,1217.2227795833332,1433.049220416667,115740.4791746198,-148384.0208253802,0.4864067206329893
4. Mixto (curso+verano),81,7,5,2033-05-01,0.95,833.625,207.83496458333332,625.7900354166667,61968.474523531164,-202156.02547646884,0.2604264531352434
1. Residencial anual,82,7,6,2033-06-01,0.95,912.0,212.92933958333333,699.0706604166667,57323.794154166666,-206800.70584583335,0.24090688864957624
2. Estudiantil x habitacion,82,7,6,2033-06-01,0.95,833.625,207.83496458333332,625.7900354166667,44915.175404166665,-219209.32459583334,0.18875887961406457
3. Turistico (Airbnb/Booking),82,7,6,2033-06-01,0.625,2760.7,1256.5383395833335,1504.1616604166666,117244.64083503648,-146879.85916496353,0.4927280556210821
4. Mixto (curso+verano),82,7,6,2033-06-01,0.95,833.625,207.83496458333332,625.7900354166667,62594.26455894783,-201530.23544105218,0.2630563755366582
1. Residencial anual,83,7,7,2033-07-01,0.95,912.0,212.92933958333333,699.0706604166667,58022.864814583336,-206101.63518541667,0.2438447775355467
2. Estudiantil x habitacion,83,7,7,2033-07-01,0.3,263.25,170.76058958333334,92.48941041666667,45007.66481458333,-219116.83518541668,0.18914757224031659
3. Turistico (Airbnb/Booking),83,7,7,2033-07-01,0.6433012701892219,2841.5389065782156,1285.3193270313561,1556.2195795468597,118800.86041458334,-145323.63958541665,0.49926816732331725
4. Mixto (curso+verano),83,7,7,2033-07-01,0.6433012701892219,2841.5389065782156,1285.3193270313561,1556.2195795468597,64150.484138494685,-199974.01586150532,0.2695964872388934
1. Residencial anual,84,7,8,2033-08-01,0.95,912.0,212.92933958333333,699.0706604166667,58721.935475,-205402.564525,0.2467826664215171
2. Estudiantil x habitacion,84,7,8,2033-08-01,0.3,263.25,170.76058958333334,92.48941041666667,45100.154225,-219024.345775,0.1895362648665686
3. Turistico (Airbnb/Booking),84,7,8,2033-08-01,0.65,2871.128,1295.8538995833335,1575.274100416667,120376.134515,-143748.36548500002,0.505888356860685
4. Mixto (curso+verano),84,7,8,2033-08-01,0.65,2871.128,1295.8538995833335,1575.274100416667,65725.75823891135,-198398.74176108866,0.2762166767762612
1. Residencial anual,85,8,9,2033-09-01,0.95,912.0,212.92933958333333,699.0706604166667,59421.00613541667,-204703.49386458332,0.24972055530748757
2. Estudiantil x habitacion,85,8,9,2033-09-01,0.95,833.625,207.83496458333332,625.7900354166667,45725.94426041667,-218398.55573958333,0.19216618726798348
3. Turistico (Airbnb/Booking),85,8,9,2033-09-01,0.6433012701892219,2841.5389065782156,1285.3193270313561,1556.2195795468597,121932.35409454686,-142192.14590545313,0.5124284685629201
4. Mixto (curso+verano),85,8,9,2033-09-01,0.95,833.625,207.83496458333332,625.7900354166667,66351.54827432802,-197772.951725672,0.27884659917767607
1. Residencial anual,86,8,10,2033-10-01,0.95,912.0,212.92933958333333,699.0706604166667,60120.07679583333,-204004.42320416667,0.252658444193458
2. Estudiantil x habitacion,86,8,10,2033-10-01,0.95,833.625,207.83496458333332,625.7900354166667,46351.73429583333,-217772.76570416667,0.19479610966939834
3. Turistico (Airbnb/Booking),86,8,10,2033-10-01,0.625,2760.7,1256.5383395833335,1504.1616604166666,123436.51575496353,-140687.98424503647,0.518749803551013
4. Mixto (curso+verano),86,8,10,2033-10-01,0.95,833.625,207.83496458333332,625.7900354166667,66977.3383097447,-197147.1616902553,0.281476521579091
1. Residencial anual,87,8,11,2033-11-01,0.95,912.0,212.92933958333333,699.0706604166667,60819.14745625,-203305.35254375,0.2555963330794285
2. Estudiantil x habitacion,87,8,11,2033-11-01,0.95,833.625,207.83496458333332,625.7900354166667,46977.52433125,-217146.97566875,0.19742603207081322
3. Turistico (Airbnb/Booking),87,8,11,2033-11-01,0.6,2650.272,1217.2227795833332,1433.049220416667,124869.5649753802,-139254.9350246198,0.5247722839898307
4. Mixto (curso+verano),87,8,11,2033-11-01,0.95,833.625,207.83496458333332,625.7900354166667,67603.12834516136,-196521.37165483864,0.28410644398050583
1. Residencial anual,88,8,12,2033-12-01,0.95,912.0,212.92933958333333,699.0706604166667,61518.21811666667,-202606.28188333334,0.25853422196539894
2. Estudiantil x habitacion,88,8,12,2033-12-01,0.95,833.625,207.83496458333332,625.7900354166667,47603.314366666666,-216521.18563333334,0.20005595447222804
3. Turistico (Airbnb/Booking),88,8,12,2033-12-01,0.575,2539.8439999999996,1177.9072195833332,1361.9367804166666,126231.50175579685,-137892.99824420316,0.5304959098793732
4. Mixto (curso+verano),88,8,12,2033-12-01,0.95,833.625,207.83496458333332,625.7900354166667,68228.91838057802,-195895.58161942198,0.2867363663819206
1. Residencial anual,89,8,1,2034-01-01,0.95,912.0,212.92933958333333,699.0706604166667,62217.28877708333,-201907.21122291667,0.26147211085136934
2. Estudiantil x habitacion,89,8,1,2034-01-01,0.95,833.625,207.83496458333332,625.7900354166667,48229.104402083336,-215895.39559791668,0.20268587687364292
3. Turistico (Airbnb/Booking),89,8,1,2034-01-01,0.5566987298107781,2459.005093421784,1149.1262321353106,1309.8788612864735,127541.38061708333,-136583.11938291666,0.5360007590547734
4. Mixto (curso+verano),89,8,1,2034-01-01,0.95,833.625,207.83496458333332,625.7900354166667,68854.70841599468,-195269.79158400532,0.2893662887833355
1. Residencial anual,90,8,2,2034-02-01,0.95,912.0,212.92933958333333,699.0706604166667,62916.3594375,-201208.1405625,0.2644099997373398
2. Estudiantil x habitacion,90,8,2,2034-02-01,0.95,833.625,207.83496458333332,625.7900354166667,48854.8944375,-215269.60556250002,0.20531579927505778
3. Turistico (Airbnb/Booking),90,8,2,2034-02-01,0.5499999999999999,2429.4159999999997,1138.5916595833332,1290.8243404166667,128832.2049575,-135292.29504250002,0.5414255303950409
4. Mixto (curso+verano),90,8,2,2034-02-01,0.95,833.625,207.83496458333332,625.7900354166667,69480.49845141136,-194644.00154858863,0.2919962111847504
1. Residencial anual,91,8,3,2034-03-01,0.95,912.0,212.92933958333333,699.0706604166667,63615.430097916666,-200509.06990208334,0.2673478886233102
2. Estudiantil x habitacion,91,8,3,2034-03-01,0.95,833.625,207.83496458333332,625.7900354166667,49480.68447291667,-214643.81552708332,0.20794572167647266
3. Turistico (Airbnb/Booking),91,8,3,2034-03-01,0.5566987298107781,2459.005093421784,1149.1262321353106,1309.8788612864735,130142.08381878647,-133982.4161812135,0.5469303795704411
4. Mixto (curso+verano),91,8,3,2034-03-01,0.95,833.625,207.83496458333332,625.7900354166667,70106.28848682802,-194018.21151317196,0.29462613358616524
1. Residencial anual,92,8,4,2034-04-01,0.95,912.0,212.92933958333333,699.0706604166667,64314.500758333335,-199809.99924166666,0.2702857775092807
2. Estudiantil x habitacion,92,8,4,2034-04-01,0.95,833.625,207.83496458333332,625.7900354166667,50106.47450833333,-214018.02549166666,0.2105756440778875
3. Turistico (Airbnb/Booking),92,8,4,2034-04-01,0.575,2539.8439999999996,1177.9072195833332,1361.9367804166666,131504.02059920313,-132620.47940079687,0.5526540054599837
4. Mixto (curso+verano),92,8,4,2034-04-01,0.95,833.625,207.83496458333332,625.7900354166667,70732.07852224469,-193392.4214777553,0.2972560559875801
1. Residencial anual,93,8,5,2034-05-01,0.95,912.0,212.92933958333333,699.0706604166667,65013.57141875,-199110.92858125002,0.2732236663952511
2. Estudiantil x habitacion,93,8,5,2034-05-01,0.95,833.625,207.83496458333332,625.7900354166667,50732.26454375,-213392.23545625,0.2132055664793024
3. Turistico (Airbnb/Booking),93,8,5,2034-05-01,0.6,2650.272,1217.2227795833332,1433.049220416667,132937.06981961982,-131187.43018038018,0.5586764858988015
4. Mixto (curso+verano),93,8,5,2034-05-01,0.95,833.625,207.83496458333332,625.7900354166667,71357.86855766135,-192766.63144233864,0.29988597838899494
1. Residencial anual,94,8,6,2034-06-01,0.95,912.0,212.92933958333333,699.0706604166667,65712.64207916666,-198411.85792083334,0.2761615552812215
2. Estudiantil x habitacion,94,8,6,2034-06-01,0.95,833.625,207.83496458333332,625.7900354166667,51358.05457916667,-212766.44542083333,0.21583548888071724
3. Turistico (Airbnb/Booking),94,8,6,2034-06-01,0.625,2760.7,1256.5383395833335,1504.1616604166666,134441.23148003648,-129683.26851996352,0.5649978208868942
4. Mixto (curso+verano),94,8,6,2034-06-01,0.95,833.625,207.83496458333332,625.7900354166667,71983.65859307803,-192140.84140692197,0.30251590079040985
1. Residencial anual,95,8,7,2034-07-01,0.95,912.0,212.92933958333333,699.0706604166667,66411.71273958334,-197712.78726041666,0.279099444167192
2. Estudiantil x habitacion,95,8,7,2034-07-01,0.3,263.25,170.76058958333334,92.48941041666667,51450.54398958333,-212673.95601041667,0.21622418150696926
3. Turistico (Airbnb/Booking),95,8,7,2034-07-01,0.6433012701892219,2841.5389065782156,1285.3193270313561,1556.2195795468597,135997.45105958334,-128127.04894041666,0.5715379325891294
4. Mixto (curso+verano),95,8,7,2034-07-01,0.6433012701892219,2841.5389065782156,1285.3193270313561,1556.2195795468597,73539.87817262489,-190584.62182737511,0.309056012492645
1. Residencial anual,96,8,8,2034-08-01,0.95,912.0,212.92933958333333,699.0706604166667,67110.7834,-197013.71659999999,0.2820373330531624
2. Estudiantil x habitacion,96,8,8,2034-08-01,0.3,263.25,170.76058958333334,92.48941041666667,51543.0334,-212581.46659999999,0.21661287413322128
3. Turistico (Airbnb/Booking),96,8,8,2034-08-01,0.65,2871.128,1295.8538995833335,1575.274100416667,137572.72516,-126551.77484,0.5781581221264972
4. Mixto (curso+verano),96,8,8,2034-08-01,0.65,2871.128,1295.8538995833335,1575.274100416667,75115.15227304155,-189009.34772695845,0.3156762020300128
1. Residencial anual,97,9,9,2034-09-01,0.95,912.0,212.92933958333333,699.0706604166667,67809.85406041666,-196314.64593958334,0.28497522193913283
2. Estudiantil x habitacion,97,9,9,2034-09-01,0.95,833.625,207.83496458333332,625.7900354166667,52168.82343541667,-211955.67656458332,0.21924279653463616
3. Turistico (Airbnb/Booking),97,9,9,2034-09-01,0.6433012701892219,2841.5389065782156,1285.3193270313561,1556.2195795468597,139128.94473954686,-124995.55526045314,0.5846982338287323
4. Mixto (curso+verano),97,9,9,2034-09-01,0.95,833.625,207.83496458333332,625.7900354166667,75740.94230845821,-188383.5576915418,0.31830612443142764
1. Residencial anual,98,9,10,2034-10-01,0.95,912.0,212.92933958333333,699.0706604166667,68508.92472083334,-195615.57527916666,0.28791311082510335
2. Estudiantil x habitacion,98,9,10,2034-10-01,0.95,833.625,207.83496458333332,625.7900354166667,52794.613470833334,-211329.88652916666,0.22187271893605098
3. Turistico (Airbnb/Booking),98,9,10,2034-10-01,0.625,2760.7,1256.5383395833335,1504.1616604166666,140633.10639996352,-123491.39360003648,0.591019568816825
4. Mixto (curso+verano),98,9,10,2034-10-01,0.95,833.625,207.83496458333332,625.7900354166667,76366.73234387489,-187757.76765612513,0.32093604683284255
1. Residencial anual,99,9,11,2034-11-01,0.95,912.0,212.92933958333333,699.0706604166667,69207.99538125,-194916.50461875,0.29085099971107375
2. Estudiantil x habitacion,99,9,11,2034-11-01,0.95,833.625,207.83496458333332,625.7900354166667,53420.403506250004,-210704.09649375,0.22450264133746586
3. Turistico (Airbnb/Booking),99,9,11,2034-11-01,0.6,2650.272,1217.2227795833332,1433.049220416667,142066.1556203802,-122058.34437961981,0.5970420492556427
4. Mixto (curso+verano),99,9,11,2034-11-01,0.95,833.625,207.83496458333332,625.7900354166667,76992.52237929155,-187131.97762070847,0.3235659692342574
1. Residencial anual,100,9,12,2034-12-01,0.95,912.0,212.92933958333333,699.0706604166667,69907.06604166667,-194217.43395833333,0.2937888885970442
2. Estudiantil x habitacion,100,9,12,2034-12-01,0.95,833.625,207.83496458333332,625.7900354166667,54046.19354166667,-210078.30645833333,0.22713256373888072
3. Turistico (Airbnb/Booking),100,9,12,2034-12-01,0.575,2539.8439999999996,1177.9072195833332,1361.9367804166666,143428.09240079686,-120696.40759920314,0.6027656751451853
4. Mixto (curso+verano),100,9,12,2034-12-01,0.95,833.625,207.83496458333332,625.7900354166667,77618.31241470821,-186506.1875852918,0.32619589163567225
1. Residencial anual,101,9,1,2035-01-01,0.95,912.0,212.92933958333333,699.0706604166667,70606.13670208333,-193518.36329791666,0.2967267774830146
2. Estudiantil x habitacion,101,9,1,2035-01-01,0.95,833.625,207.83496458333332,625.7900354166667,54671.98357708334,-209452.51642291667,0.2297624861402956
3. Turistico (Airbnb/Booking),101,9,1,2035-01-01,0.5566987298107781,2459.005093421784,1149.1262321353106,1309.8788612864735,144737.97126208333,-119386.52873791667,0.6082705243205856
4. Mixto (curso+verano),101,9,1,2035-01-01,0.95,833.625,207.83496458333332,625.7900354166667,78244.10245012488,-185880.39754987514,0.3288258140370871
1. Residencial anual,102,9,2,2035-02-01,0.95,912.0,212.92933958333333,699.0706604166667,71305.2073625,-192819.29263749998,0.2996646663689851
2. Estudiantil x habitacion,102,9,2,2035-02-01,0.95,833.625,207.83496458333332,625.7900354166667,55297.7736125,-208826.7263875,0.23239240854171045
3. Turistico (Airbnb/Booking),102,9,2,2035-02-01,0.5499999999999999,2429.4159999999997,1138.5916595833332,1290.8243404166667,146028.7956025,-118095.7043975,0.6136952956608531
4. Mixto (curso+verano),102,9,2,2035-02-01,0.95,833.625,207.83496458333332,625.7900354166667,78869.89248554155,-185254.60751445845,0.331455736438502
1. Residencial anual,103,9,3,2035-03-01,0.95,912.0,212.92933958333333,699.0706604166667,72004.27802291667,-192120.22197708333,0.30260255525495555
2. Estudiantil x habitacion,103,9,3,2035-03-01,0.95,833.625,207.83496458333332,625.7900354166667,55923.56364791667,-208200.93635208334,0.23502233094312533
3. Turistico (Airbnb/Booking),103,9,3,2035-03-01,0.5566987298107781,2459.005093421784,1149.1262321353106,1309.8788612864735,147338.67446378648,-116785.82553621352,0.6192001448362533
4. Mixto (curso+verano),103,9,3,2035-03-01,0.95,833.625,207.83496458333332,625.7900354166667,79495.68252095822,-184628.81747904178,0.33408565883991687
1. Residencial anual,104,9,4,2035-04-01,0.95,912.0,212.92933958333333,699.0706604166667,72703.34868333333,-191421.15131666668,0.30554044414092596
2. Estudiantil x habitacion,104,9,4,2035-04-01,0.95,833.625,207.83496458333332,625.7900354166667,56549.353683333335,-207575.14631666668,0.23765225334454018
3. Turistico (Airbnb/Booking),104,9,4,2035-04-01,0.575,2539.8439999999996,1177.9072195833332,1361.9367804166666,148700.61124420314,-115423.88875579686,0.624923770725796
4. Mixto (curso+verano),104,9,4,2035-04-01,0.95,833.625,207.83496458333332,625.7900354166667,80121.47255637488,-184003.02744362512,0.3367155812413317
1. Residencial anual,105,9,5,2035-05-01,0.95,912.0,212.92933958333333,699.0706604166667,73402.41934375,-190722.08065625,0.3084783330268964
2. Estudiantil x habitacion,105,9,5,2035-05-01,0.95,833.625,207.83496458333332,625.7900354166667,57175.14371875,-206949.35628125002,0.24028217574595503
3. Turistico (Airbnb/Booking),105,9,5,2035-05-01,0.6,2650.272,1217.2227795833332,1433.049220416667,150133.6604646198,-113990.83953538019,0.6309462511646137
4. Mixto (curso+verano),105,9,5,2035-05-01,0.95,833.625,207.83496458333332,625.7900354166667,80747.26259179154,-183377.23740820846,0.33934550364274657
1. Residencial anual,106,9,6,2035-06-01,0.95,912.0,212.92933958333333,699.0706604166667,74101.49000416667,-190023.00999583333,0.3114162219128669
2. Estudiantil x habitacion,106,9,6,2035-06-01,0.95,833.625,207.83496458333332,625.7900354166667,57800.93375416667,-206323.56624583332,0.24291209814736991
3. Turistico (Airbnb/Booking),106,9,6,2035-06-01,0.625,2760.7,1256.5383395833335,1504.1616604166666,151637.82212503647,-112486.67787496353,0.6372675861527063
4. Mixto (curso+verano),106,9,6,2035-06-01,0.95,833.625,207.83496458333332,625.7900354166667,81373.05262720822,-182751.44737279176,0.3419754260441615
1. Residencial anual,107,9,7,2035-07-01,0.95,912.0,212.92933958333333,699.0706604166667,74800.56066458333,-189323.93933541665,0.3143541107988373
2. Estudiantil x habitacion,107,9,7,2035-07-01,0.3,263.25,170.76058958333334,92.48941041666667,57893.423164583335,-206231.07683541666,0.2433007907736219
3. Turistico (Airbnb/Booking),107,9,7,2035-07-01,0.6433012701892219,2841.5389065782156,1285.3193270313561,1556.2195795468597,153194.04170458333,-110930.45829541667,0.6438076978549415
4. Mixto (curso+verano),107,9,7,2035-07-01,0.6433012701892219,2841.5389065782156,1285.3193270313561,1556.2195795468597,82929.27220675508,-181195.22779324494,0.34851553774639665
1. Residencial anual,108,9,8,2035-08-01,0.95,912.0,212.92933958333333,699.0706604166667,75499.631325,-188624.868675,0.3172919996848077
2. Estudiantil x habitacion,108,9,8,2035-08-01,0.3,263.25,170.76058958333334,92.48941041666667,57985.912575,-206138.587425,0.24368948339987392
3. Turistico (Airbnb/Booking),108,9,8,2035-08-01,0.65,2871.128,1295.8538995833335,1575.274100416667,154769.315805,-109355.18419500001,0.6504278873923093
4. Mixto (curso+verano),108,9,8,2035-08-01,0.65,2871.128,1295.8538995833335,1575.274100416667,84504.54630717174,-179619.95369282825,0.3551357272837644
1. Residencial anual,109,10,9,2035-09-01,0.95,912.0,212.92933958333333,699.0706604166667,76198.70198541667,-187925.79801458333,0.3202298885707782
2. Estudiantil x habitacion,109,10,9,2035-09-01,0.95,833.625,207.83496458333332,625.7900354166667,58611.702610416665,-205512.79738958334,0.24631940580128878
3. Turistico (Airbnb/Booking),109,10,9,2035-09-01,0.6433012701892219,2841.5389065782156,1285.3193270313561,1556.2195795468597,156325.53538454685,-107798.96461545315,0.6569679990945444
4. Mixto (curso+verano),109,10,9,2035-09-01,0.95,833.625,207.83496458333332,625.7900354166667,85130.3363425884,-178994.16365741158,0.35776564968517927
1. Residencial anual,110,10,10,2035-10-01,0.95,912.0,212.92933958333333,699.0706604166667,76897.77264583333,-187226.72735416668,0.32316777745674863
2. Estudiantil x habitacion,110,10,10,2035-10-01,0.95,833.625,207.83496458333332,625.7900354166667,59237.492645833336,-204887.00735416665,0.24894932820270366
3. Turistico (Airbnb/Booking),110,10,10,2035-10-01,0.625,2760.7,1256.5383395833335,1504.1616604166666,157829.6970449635,-106294.80295503649,0.6632893340826371
4. Mixto (curso+verano),110,10,10,2035-10-01,0.95,833.625,207.83496458333332,625.7900354166667,85756.12637800508,-178368.37362199492,0.3603955720865942
1. Residencial anual,111,10,11,2035-11-01,0.95,912.0,212.92933958333333,699.0706604166667,77596.84330625,-186527.65669375,0.32610566634271904
2. Estudiantil x habitacion,111,10,11,2035-11-01,0.95,833.625,207.83496458333332,625.7900354166667,59863.28268125,-204261.21731875,0.2515792506041185
3. Turistico (Airbnb/Booking),111,10,11,2035-11-01,0.6,2650.272,1217.2227795833332,1433.049220416667,159262.7462653802,-104861.7537346198,0.6693118145214549
4. Mixto (curso+verano),111,10,11,2035-11-01,0.95,833.625,207.83496458333332,625.7900354166667,86381.91641342174,-177742.58358657826,0.363025494488009
1. Residencial anual,112,10,12,2035-12-01,0.95,912.0,212.92933958333333,699.0706604166667,78295.91396666667,-185828.58603333333,0.32904355522868955
2. Estudiantil x habitacion,112,10,12,2035-12-01,0.95,833.625,207.83496458333332,625.7900354166667,60489.07271666667,-203635.42728333332,0.25420917300553336
3. Turistico (Airbnb/Booking),112,10,12,2035-12-01,0.575,2539.8439999999996,1177.9072195833332,1361.9367804166666,160624.68304579685,-103499.81695420315,0.6750354404109975
4. Mixto (curso+verano),112,10,12,2035-12-01,0.95,833.625,207.83496458333332,625.7900354166667,87007.7064488384,-177116.7935511616,0.3656554168894239
1. Residencial anual,113,10,1,2036-01-01,0.95,912.0,212.92933958333333,699.0706604166667,78994.98462708334,-185129.51537291665,0.33198144411465996
2. Estudiantil x habitacion,113,10,1,2036-01-01,0.95,833.625,207.83496458333332,625.7900354166667,61114.86275208333,-203009.63724791666,0.2568390954069482
3. Turistico (Airbnb/Booking),113,10,1,2036-01-01,0.5566987298107781,2459.005093421784,1149.1262321353106,1309.8788612864735,161934.56190708332,-102189.93809291668,0.6805402895863977
4. Mixto (curso+verano),113,10,1,2036-01-01,0.95,833.625,207.83496458333332,625.7900354166667,87633.49648425507,-176491.00351574493,0.3682853392908387
1. Residencial anual,114,10,2,2036-02-01,0.95,912.0,212.92933958333333,699.0706604166667,79694.0552875,-184430.4447125,0.33491933300063037
2. Estudiantil x habitacion,114,10,2,2036-02-01,0.95,833.625,207.83496458333332,625.7900354166667,61740.6527875,-202383.8472125,0.2594690178083631
3. Turistico (Airbnb/Booking),114,10,2,2036-02-01,0.5499999999999999,2429.4159999999997,1138.5916595833332,1290.8243404166667,163225.3862475,-100899.11375250001,0.6859650609266652
4. Mixto (curso+verano),114,10,2,2036-02-01,0.95,833.625,207.83496458333332,625.7900354166667,88259.28651967175,-175865.21348032827,0.3709152616922536
1. Residencial anual,115,10,3,2036-03-01,0.95,912.0,212.92933958333333,699.0706604166667,80393.12594791666,-183731.37405208335,0.33785722188660083
2. Estudiantil x habitacion,115,10,3,2036-03-01,0.95,833.625,207.83496458333332,625.7900354166667,62366.442822916666,-201758.05717708333,0.262098940209778
3. Turistico (Airbnb/Booking),115,10,3,2036-03-01,0.5566987298107781,2459.005093421784,1149.1262321353106,1309.8788612864735,164535.26510878647,-99589.23489121353,0.6914699101020654
4. Mixto (curso+verano),115,10,3,2036-03-01,0.95,833.625,207.83496458333332,625.7900354166667,88885.07655508841,-175239.4234449116,0.37354518409366844
1. Residencial anual,116,10,4,2036-04-01,0.95,912.0,212.92933958333333,699.0706604166667,81092.19660833334,-183032.30339166668,0.3407951107725713
2. Estudiantil x habitacion,116,10,4,2036-04-01,0.95,833.625,207.83496458333332,625.7900354166667,62992.23285833334,-201132.26714166667,0.26472886261119283
3. Turistico (Airbnb/Booking),116,10,4,2036-04-01,0.575,2539.8439999999996,1177.9072195833332,1361.9367804166666,165897.20188920313,-98227.29811079687,0.697193535991608
4. Mixto (curso+verano),116,10,4,2036-04-01,0.95,833.625,207.83496458333332,625.7900354166667,89510.86659050507,-174613.63340949494,0.3761751064950833
1. Residencial anual,117,10,5,2036-05-01,0.95,912.0,212.92933958333333,699.0706604166667,81791.26726875,-182333.23273125,0.3437329996585417
2. Estudiantil x habitacion,117,10,5,2036-05-01,0.95,833.625,207.83496458333332,625.7900354166667,63618.02289375,-200506.47710625,0.2673587850126077
3. Turistico (Airbnb/Booking),117,10,5,2036-05-01,0.6,2650.272,1217.2227795833332,1433.049220416667,167330.2511096198,-96794.2488903802,0.7032160164304257
4. Mixto (curso+verano),117,10,5,2036-05-01,0.95,833.625,207.83496458333332,625.7900354166667,90136.65662592174,-173987.84337407828,0.37880502889649814
1. Residencial anual,118,10,6,2036-06-01,0.95,912.0,212.92933958333333,699.0706604166667,82490.33792916666,-181634.16207083332,0.34667088854451217
2. Estudiantil x habitacion,118,10,6,2036-06-01,0.95,833.625,207.83496458333332,625.7900354166667,64243.81292916667,-199880.68707083334,0.2699887074140226
3. Turistico (Airbnb/Booking),118,10,6,2036-06-01,0.625,2760.7,1256.5383395833335,1504.1616604166666,168834.41277003646,-95290.08722996354,0.7095373514185185
4. Mixto (curso+verano),118,10,6,2036-06-01,0.95,833.625,207.83496458333332,625.7900354166667,90762.44666133841,-173362.0533386616,0.38143495129791305
1. Residencial anual,119,10,7,2036-07-01,0.95,912.0,212.92933958333333,699.0706604166667,83189.40858958333,-180935.09141041667,0.3496087774304826
2. Estudiantil x habitacion,119,10,7,2036-07-01,0.3,263.25,170.76058958333334,92.48941041666667,64336.30233958334,-199788.19766041666,0.2703774000402746
3. Turistico (Airbnb/Booking),119,10,7,2036-07-01,0.6433012701892219,2841.5389065782156,1285.3193270313561,1556.2195795468597,170390.63234958332,-93733.86765041668,0.7160774631207536
4. Mixto (curso+verano),119,10,7,2036-07-01,0.6433012701892219,2841.5389065782156,1285.3193270313561,1556.2195795468597,92318.66624088527,-171805.83375911473,0.3879750630001482
1. Residencial anual,120,10,8,2036-08-01,0.95,912.0,212.92933958333333,699.0706604166667,83888.47925,-180236.02075,0.35254666631645304
2. Estudiantil x habitacion,120,10,8,2036-08-01,0.3,263.25,170.76058958333334,92.48941041666667,64428.791750000004,-199695.70825,0.2707660926665266
3. Turistico (Airbnb/Booking),120,10,8,2036-08-01,0.65,2871.128,1295.8538995833335,1575.274100416667,171965.90645,-92158.59354999999,0.7226976526581215
4. Mixto (curso+verano),120,10,8,2036-08-01,0.65,2871.128,1295.8538995833335,1575.274100416667,93893.94034130193,-170230.55965869807,0.394595252537516
1. Residencial anual,121,11,9,2036-09-01,0.95,912.0,212.92933958333333,699.0706604166667,84587.54991041667,-179536.95008958335,0.3554845552024235
2. Estudiantil x habitacion,121,11,9,2036-09-01,0.95,833.625,207.83496458333332,625.7900354166667,65054.58178541667,-199069.91821458333,0.2733960150679414
3. Turistico (Airbnb/Booking),121,11,9,2036-09-01,0.6433012701892219,2841.5389065782156,1285.3193270313561,1556.2195795468597,173522.12602954687,-90602.37397045313,0.7292377643603567
4. Mixto (curso+verano),121,11,9,2036-09-01,0.95,833.625,207.83496458333332,625.7900354166667,94519.7303767186,-169604.7696232814,0.39722517493893084
1. Residencial anual,122,11,10,2036-10-01,0.95,912.0,212.92933958333333,699.0706604166667,85286.62057083333,-178837.87942916667,0.3584224440883939
2. Estudiantil x habitacion,122,11,10,2036-10-01,0.95,833.625,207.83496458333332,625.7900354166667,65680.37182083333,-198444.12817916667,0.2760259374693563
3. Turistico (Airbnb/Booking),122,11,10,2036-10-01,0.625,2760.7,1256.5383395833335,1504.1616604166666,175026.28768996353,-89098.21231003647,0.7355590993484494
4. Mixto (curso+verano),122,11,10,2036-10-01,0.95,833.625,207.83496458333332,625.7900354166667,95145.52041213527,-168978.9795878647,0.39985509734034574
1. Residencial anual,123,11,11,2036-11-01,0.95,912.0,212.92933958333333,699.0706604166667,85985.69123125,-178138.80876875,0.3613603329743644
2. Estudiantil x habitacion,123,11,11,2036-11-01,0.95,833.625,207.83496458333332,625.7900354166667,66306.16185625001,-197818.33814374998,0.2786558598707712
3. Turistico (Airbnb/Booking),123,11,11,2036-11-01,0.6,2650.272,1217.2227795833332,1433.049220416667,176459.3369103802,-87665.1630896198,0.741581579787267
4. Mixto (curso+verano),123,11,11,2036-11-01,0.95,833.625,207.83496458333332,625.7900354166667,95771.31044755194,-168353.18955244805,0.4024850197417606
1. Residencial anual,124,11,12,2036-12-01,0.95,912.0,212.92933958333333,699.0706604166667,86684.76189166667,-177439.73810833332,0.36429822186033484
2. Estudiantil x habitacion,124,11,12,2036-12-01,0.95,833.625,207.83496458333332,625.7900354166667,66931.95189166667,-197192.5481083333,0.28128578227218604
3. Turistico (Airbnb/Booking),124,11,12,2036-12-01,0.575,2539.8439999999996,1177.9072195833332,1361.9367804166666,177821.27369079686,-86303.22630920314,0.7473052056768097
4. Mixto (curso+verano),124,11,12,2036-12-01,0.95,833.625,207.83496458333332,625.7900354166667,96397.1004829686,-167727.3995170314,0.40511494214317545
1. Residencial anual,125,11,1,2037-01-01,0.95,912.0,212.92933958333333,699.0706604166667,87383.83255208333,-176740.66744791667,0.36723611074630524
2. Estudiantil x habitacion,125,11,1,2037-01-01,0.95,833.625,207.83496458333332,625.7900354166667,67557.74192708333,-196566.75807291665,0.2839157046736009
3. Turistico (Airbnb/Booking),125,11,1,2037-01-01,0.5566987298107781,2459.005093421784,1149.1262321353106,1309.8788612864735,179131.15255208334,-84993.34744791666,0.7528100548522099
4. Mixto (curso+verano),125,11,1,2037-01-01,0.95,833.625,207.83496458333332,625.7900354166667,97022.89051838526,-167101.60948161472,0.4077448645445903
1. Residencial anual,126,11,2,2037-02-01,0.95,912.0,212.92933958333333,699.0706604166667,88082.9032125,-176041.59678750002,0.37017399963227565
2. Estudiantil x habitacion,126,11,2,2037-02-01,0.95,833.625,207.83496458333332,625.7900354166667,68183.5319625,-195940.9680375,0.28654562707501574
3. Turistico (Airbnb/Booking),126,11,2,2037-02-01,0.5499999999999999,2429.4159999999997,1138.5916595833332,1290.8243404166667,180421.9768925,-83702.52310749999,0.7582348261924775
4. Mixto (curso+verano),126,11,2,2037-02-01,0.95,833.625,207.83496458333332,625.7900354166667,97648.68055380194,-166475.81944619806,0.4103747869460052
1. Residencial anual,127,11,3,2037-03-01,0.95,912.0,212.92933958333333,699.0706604166667,88781.97387291667,-175342.52612708334,0.37311188851824617
2. Estudiantil x habitacion,127,11,3,2037-03-01,0.95,833.625,207.83496458333332,625.7900354166667,68809.32199791668,-195315.17800208332,0.28917554947643065
3. Turistico (Airbnb/Booking),127,11,3,2037-03-01,0.5566987298107781,2459.005093421784,1149.1262321353106,1309.8788612864735,181731.85575378648,-82392.64424621352,0.7637396753678777
4. Mixto (curso+verano),127,11,3,2037-03-01,0.95,833.625,207.83496458333332,625.7900354166667,98274.4705892186,-165850.0294107814,0.41300470934742006
1. Residencial anual,128,11,4,2037-04-01,0.95,912.0,212.92933958333333,699.0706604166667,89481.04453333333,-174643.45546666667,0.3760497774042166
2. Estudiantil x habitacion,128,11,4,2037-04-01,0.95,833.625,207.83496458333332,625.7900354166667,69435.11203333334,-194689.38796666666,0.2918054718778455
3. Turistico (Airbnb/Booking),128,11,4,2037-04-01,0.575,2539.8439999999996,1177.9072195833332,1361.9367804166666,183093.79253420315,-81030.70746579685,0.7694633012574202
4. Mixto (curso+verano),128,11,4,2037-04-01,0.95,833.625,207.83496458333332,625.7900354166667,98900.26062463527,-165224.23937536473,0.4156346317488349
1. Residencial anual,129,11,5,2037-05-01,0.95,912.0,212.92933958333333,699.0706604166667,90180.11519375,-173944.38480625,0.378987666290187
2. Estudiantil x habitacion,129,11,5,2037-05-01,0.95,833.625,207.83496458333332,625.7900354166667,70060.90206875,-194063.59793125,0.29443539427926035
3. Turistico (Airbnb/Booking),129,11,5,2037-05-01,0.6,2650.272,1217.2227795833332,1433.049220416667,184526.84175461982,-79597.65824538018,0.7754857816962379
4. Mixto (curso+verano),129,11,5,2037-05-01,0.95,833.625,207.83496458333332,625.7900354166667,99526.05066005193,-164598.44933994807,0.41826455415024977
1. Residencial anual,130,11,6,2037-06-01,0.95,912.0,212.92933958333333,699.0706604166667,90879.18585416667,-173245.3141458333,0.3819255551761575
2. Estudiantil x habitacion,130,11,6,2037-06-01,0.95,833.625,207.83496458333332,625.7900354166667,70686.69210416666,-193437.80789583334,0.2970653166806752
3. Turistico (Airbnb/Booking),130,11,6,2037-06-01,0.625,2760.7,1256.5383395833335,1504.1616604166666,186031.00341503648,-78093.49658496352,0.7818071166843307
4. Mixto (curso+verano),130,11,6,2037-06-01,0.95,833.625,207.83496458333332,625.7900354166667,100151.8406954686,-163972.6593045314,0.4208944765516647
1. Residencial anual,131,11,7,2037-07-01,0.95,912.0,212.92933958333333,699.0706604166667,91578.25651458334,-172546.24348541666,0.3848634440621279
2. Estudiantil x habitacion,131,11,7,2037-07-01,0.3,263.25,170.76058958333334,92.48941041666667,70779.18151458334,-193345.31848541665,0.2974540093069272
3. Turistico (Airbnb/Booking),131,11,7,2037-07-01,0.6433012701892219,2841.5389065782156,1285.3193270313561,1556.2195795468597,187587.22299458334,-76537.27700541666,0.7883472283865658
4. Mixto (curso+verano),131,11,7,2037-07-01,0.6433012701892219,2841.5389065782156,1285.3193270313561,1556.2195795468597,101708.06027501546,-162416.43972498452,0.42743458825389985
1. Residencial anual,132,11,8,2037-08-01,0.95,912.0,212.92933958333333,699.0706604166667,92277.327175,-171847.17282500002,0.3878013329480983
2. Estudiantil x habitacion,132,11,8,2037-08-01,0.3,263.25,170.76058958333334,92.48941041666667,70871.670925,-193252.82907500002,0.29784270193317924
3. Turistico (Airbnb/Booking),132,11,8,2037-08-01,0.65,2871.128,1295.8538995833335,1575.274100416667,189162.497095,-74962.002905,0.7949674179239336
4. Mixto (curso+verano),132,11,8,2037-08-01,0.65,2871.128,1295.8538995833335,1575.274100416667,103283.33437543212,-160841.1656245679,0.4340547777912676
1. Residencial anual,133,12,9,2037-09-01,0.95,912.0,212.92933958333333,699.0706604166667,92976.39783541666,-171148.10216458334,0.3907392218340688
2. Estudiantil x habitacion,133,12,9,2037-09-01,0.95,833.625,207.83496458333332,625.7900354166667,71497.46096041666,-192627.03903958335,0.3004726243345941
3. Turistico (Airbnb/Booking),133,12,9,2037-09-01,0.6433012701892219,2841.5389065782156,1285.3193270313561,1556.2195795468597,190718.71667454686,-73405.78332545314,0.8015075296261688
4. Mixto (curso+verano),133,12,9,2037-09-01,0.95,833.625,207.83496458333332,625.7900354166667,103909.12441084879,-160215.37558915123,0.43668470019268246
1. Residencial anual,134,12,10,2037-10-01,0.95,912.0,212.92933958333333,699.0706604166667,93675.46849583334,-170449.03150416666,0.39367711072003925
2. Estudiantil x habitacion,134,12,10,2037-10-01,0.95,833.625,207.83496458333332,625.7900354166667,72123.25099583334,-192001.24900416666,0.303102546736009
3. Turistico (Airbnb/Booking),134,12,10,2037-10-01,0.625,2760.7,1256.5383395833335,1504.1616604166666,192222.87833496352,-71901.62166503648,0.8078288646142615
4. Mixto (curso+verano),134,12,10,2037-10-01,0.95,833.625,207.83496458333332,625.7900354166667,104534.91444626547,-159589.58555373453,0.43931462259409737
1. Residencial anual,135,12,11,2037-11-01,0.95,912.0,212.92933958333333,699.0706604166667,94374.53915625,-169749.96084374998,0.39661499960600965
2. Estudiantil x habitacion,135,12,11,2037-11-01,0.95,833.625,207.83496458333332,625.7900354166667,72749.04103125,-191375.45896875,0.30573246913742386
3. Turistico (Airbnb/Booking),135,12,11,2037-11-01,0.6,2650.272,1217.2227795833332,1433.049220416667,193655.92755538019,-70468.57244461981,0.8138513450530792
4. Mixto (curso+verano),135,12,11,2037-11-01,0.95,833.625,207.83496458333332,625.7900354166667,105160.70448168213,-158963.79551831787,0.4419445449955122
1. Residencial anual,136,12,12,2037-12-01,0.95,912.0,212.92933958333333,699.0706604166667,95073.60981666666,-169050.89018333334,0.3995528884919801
2. Estudiantil x habitacion,136,12,12,2037-12-01,0.95,833.625,207.83496458333332,625.7900354166667,73374.83106666667,-190749.66893333333,0.3083623915388387
3. Turistico (Airbnb/Booking),136,12,12,2037-12-01,0.575,2539.8439999999996,1177.9072195833332,1361.9367804166666,195017.86433579685,-69106.63566420315,0.8195749709426218
4. Mixto (curso+verano),136,12,12,2037-12-01,0.95,833.625,207.83496458333332,625.7900354166667,105786.49451709879,-158338.0054829012,0.4445744673969271
1. Residencial anual,137,12,1,2038-01-01,0.95,912.0,212.92933958333333,699.0706604166667,95772.68047708334,-168351.81952291666,0.4024907773779506
2. Estudiantil x habitacion,137,12,1,2038-01-01,0.95,833.625,207.83496458333332,625.7900354166667,74000.62110208333,-190123.87889791667,0.31099231394025356
3. Turistico (Airbnb/Booking),137,12,1,2038-01-01,0.5566987298107781,2459.005093421784,1149.1262321353106,1309.8788612864735,196327.74319708333,-67796.75680291667,0.825079820118022
4. Mixto (curso+verano),137,12,1,2038-01-01,0.95,833.625,207.83496458333332,625.7900354166667,106412.28455251546,-157712.21544748454,0.44720438979834193
1. Residencial anual,138,12,2,2038-02-01,0.95,912.0,212.92933958333333,699.0706604166667,96471.7511375,-167652.7488625,0.405428666263921
2. Estudiantil x habitacion,138,12,2,2038-02-01,0.95,833.625,207.83496458333332,625.7900354166667,74626.4111375,-189498.08886249998,0.31362223634166847
3. Turistico (Airbnb/Booking),138,12,2,2038-02-01,0.5499999999999999,2429.4159999999997,1138.5916595833332,1290.8243404166667,197618.5675375,-66505.9324625,0.8305045914582896
4. Mixto (curso+verano),138,12,2,2038-02-01,0.95,833.625,207.83496458333332,625.7900354166667,107038.07458793213,-157086.42541206785,0.44983431219975684
1. Residencial anual,139,12,3,2038-03-01,0.95,912.0,212.92933958333333,699.0706604166667,97170.82179791667,-166953.67820208333,0.40836655514989145
2. Estudiantil x habitacion,139,12,3,2038-03-01,0.95,833.625,207.83496458333332,625.7900354166667,75252.20117291667,-188872.29882708332,0.31625215874308327
3. Turistico (Airbnb/Booking),139,12,3,2038-03-01,0.5566987298107781,2459.005093421784,1149.1262321353106,1309.8788612864735,198928.44639878647,-65196.05360121353,0.8360094406336898
4. Mixto (curso+verano),139,12,3,2038-03-01,0.95,833.625,207.83496458333332,625.7900354166667,107663.8646233488,-156460.6353766512,0.45246423460117163
1. Residencial anual,140,12,4,2038-04-01,0.95,912.0,212.92933958333333,699.0706604166667,97869.89245833333,-166254.60754166666,0.41130444403586186
2. Estudiantil x habitacion,140,12,4,2038-04-01,0.95,833.625,207.83496458333332,625.7900354166667,75877.99120833333,-188246.50879166665,0.3188820811444981
3. Turistico (Airbnb/Booking),140,12,4,2038-04-01,0.575,2539.8439999999996,1177.9072195833332,1361.9367804166666,200290.38317920314,-63834.11682079686,0.8417330665232323
4. Mixto (curso+verano),140,12,4,2038-04-01,0.95,833.625,207.83496458333332,625.7900354166667,108289.65465876546,-155834.84534123453,0.4550941570025865
1. Residencial anual,141,12,5,2038-05-01,0.95,912.0,212.92933958333333,699.0706604166667,98568.96311875,-165555.53688124998,0.4142423329218323
2. Estudiantil x habitacion,141,12,5,2038-05-01,0.95,833.625,207.83496458333332,625.7900354166667,76503.78124375,-187620.71875625,0.32151200354591297
3. Turistico (Airbnb/Booking),141,12,5,2038-05-01,0.6,2650.272,1217.2227795833332,1433.049220416667,201723.4323996198,-62401.06760038019,0.84775554696205
4. Mixto (curso+verano),141,12,5,2038-05-01,0.95,833.625,207.83496458333332,625.7900354166667,108915.44469418212,-155209.05530581786,0.45772407940400134
1. Residencial anual,142,12,6,2038-06-01,0.95,912.0,212.92933958333333,699.0706604166667,99268.03377916667,-164856.46622083333,0.4171802218078028
2. Estudiantil x habitacion,142,12,6,2038-06-01,0.95,833.625,207.83496458333332,625.7900354166667,77129.57127916667,-186994.92872083333,0.3241419259473279
3. Turistico (Airbnb/Booking),142,12,6,2038-06-01,0.625,2760.7,1256.5383395833335,1504.1616604166666,203227.59406003647,-60896.90593996353,0.8540768819501428
4. Mixto (curso+verano),142,12,6,2038-06-01,0.95,833.625,207.83496458333332,625.7900354166667,109541.2347295988,-154583.2652704012,0.46035400180541625
1. Residencial anual,143,12,7,2038-07-01,0.95,912.0,212.92933958333333,699.0706604166667,99967.10443958333,-164157.39556041668,0.4201181106937732
2. Estudiantil x habitacion,143,12,7,2038-07-01,0.3,263.25,170.76058958333334,92.48941041666667,77222.06068958333,-186902.43931041667,0.3245306185735799
3. Turistico (Airbnb/Booking),143,12,7,2038-07-01,0.6433012701892219,2841.5389065782156,1285.3193270313561,1556.2195795468597,204783.81363958333,-59340.68636041667,0.860616993652378
4. Mixto (curso+verano),143,12,7,2038-07-01,0.6433012701892219,2841.5389065782156,1285.3193270313561,1556.2195795468597,111097.45430914566,-153027.04569085434,0.4668941135076514
1. Residencial anual,144,12,8,2038-08-01,0.95,912.0,212.92933958333333,699.0706604166667,100666.1751,-163458.3249,0.4230559995797436
2. Estudiantil x habitacion,144,12,8,2038-08-01,0.3,263.25,170.76058958333334,92.48941041666667,77314.55010000001,-186809.9499,0.3249193111998319
3. Turistico (Airbnb/Booking),144,12,8,2038-08-01,0.65,2871.128,1295.8538995833335,1575.274100416667,206359.08774,-57765.41226000001,0.8672371831897457
4. Mixto (curso+verano),144,12,8,2038-08-01,0.65,2871.128,1295.8538995833335,1575.274100416667,112672.72840956232,-151451.77159043768,0.4735143030450192
1. Residencial anual,145,13,9,2038-09-01,0.95,912.0,212.92933958333333,699.0706604166667,101365.24576041667,-162759.25423958333,0.4259938884657141
2. Estudiantil x habitacion,145,13,9,2038-09-01,0.95,833.625,207.83496458333332,625.7900354166667,77940.34013541667,-186184.15986458334,0.32754923360124677
3. Turistico (Airbnb/Booking),145,13,9,2038-09-01,0.6433012701892219,2841.5389065782156,1285.3193270313561,1556.2195795468597,207915.30731954685,-56209.192680453154,0.8737772948919809
4. Mixto (curso+verano),145,13,9,2038-09-01,0.95,833.625,207.83496458333332,625.7900354166667,113298.51844497898,-150825.98155502102,0.47614422544643403
1. Residencial anual,146,13,10,2038-10-01,0.95,912.0,212.92933958333333,699.0706604166667,102064.31642083333,-162060.18357916665,0.42893177735168453
2. Estudiantil x habitacion,146,13,10,2038-10-01,0.95,833.625,207.83496458333332,625.7900354166667,78566.13017083333,-185558.36982916668,0.3301791560026616
3. Turistico (Airbnb/Booking),146,13,10,2038-10-01,0.625,2760.7,1256.5383395833335,1504.1616604166666,209419.46897996354,-54705.03102003646,0.8800986298800737
4. Mixto (curso+verano),146,13,10,2038-10-01,0.95,833.625,207.83496458333332,625.7900354166667,113924.30848039566,-150200.19151960436,0.47877414784784894
1. Residencial anual,147,13,11,2038-11-01,0.95,912.0,212.92933958333333,699.0706604166667,102763.38708125,-161361.11291875,0.43186966623765494
2. Estudiantil x habitacion,147,13,11,2038-11-01,0.95,833.625,207.83496458333332,625.7900354166667,79191.92020625,-184932.57979375002,0.3328090784040765
3. Turistico (Airbnb/Booking),147,13,11,2038-11-01,0.6,2650.272,1217.2227795833332,1433.049220416667,210852.5182003802,-53271.981799619796,0.8861211103188914
4. Mixto (curso+verano),147,13,11,2038-11-01,0.95,833.625,207.83496458333332,625.7900354166667,114550.09851581232,-149574.4014841877,0.4814040702492638
1. Residencial anual,148,13,12,2038-12-01,0.95,912.0,212.92933958333333,699.0706604166667,103462.45774166667,-160662.04225833333,0.43480755512362546
2. Estudiantil x habitacion,148,13,12,2038-12-01,0.95,833.625,207.83496458333332,625.7900354166667,79817.71024166667,-184306.78975833333,0.3354390008054914
3. Turistico (Airbnb/Booking),148,13,12,2038-12-01,0.575,2539.8439999999996,1177.9072195833332,1361.9367804166666,212214.45498079687,-51910.04501920313,0.891844736208434
4. Mixto (curso+verano),148,13,12,2038-12-01,0.95,833.625,207.83496458333332,625.7900354166667,115175.88855122899,-148948.61144877103,0.48403399265067865
1. Residencial anual,149,13,1,2039-01-01,0.95,912.0,212.92933958333333,699.0706604166667,104161.52840208334,-159962.97159791668,0.43774544400959586
2. Estudiantil x habitacion,149,13,1,2039-01-01,0.95,833.625,207.83496458333332,625.7900354166667,80443.50027708334,-183680.99972291666,0.33806892320690624
3. Turistico (Airbnb/Booking),149,13,1,2039-01-01,0.5566987298107781,2459.005093421784,1149.1262321353106,1309.8788612864735,213524.33384208335,-50600.166157916654,0.8973495853838342
4. Mixto (curso+verano),149,13,1,2039-01-01,0.95,833.625,207.83496458333332,625.7900354166667,115801.67858664565,-148322.82141335437,0.4866639150520935
1. Residencial anual,150,13,2,2039-02-01,0.95,912.0,212.92933958333333,699.0706604166667,104860.5990625,-159263.9009375,0.44068333289556627
2. Estudiantil x habitacion,150,13,2,2039-02-01,0.95,833.625,207.83496458333332,625.7900354166667,81069.2903125,-183055.2096875,0.3406988456083211
3. Turistico (Airbnb/Booking),150,13,2,2039-02-01,0.5499999999999999,2429.4159999999997,1138.5916595833332,1290.8243404166667,214815.1581825,-49309.34181750001,0.9027743567241017
4. Mixto (curso+verano),150,13,2,2039-02-01,0.95,833.625,207.83496458333332,625.7900354166667,116427.46862206233,-147697.03137793767,0.4892938374535084
1. Residencial anual,151,13,3,2039-03-01,0.95,912.0,212.92933958333333,699.0706604166667,105559.66972291666,-158564.83027708333,0.44362122178153673
2. Estudiantil x habitacion,151,13,3,2039-03-01,0.95,833.625,207.83496458333332,625.7900354166667,81695.08034791666,-182429.41965208334,0.34332876800973594
3. Turistico (Airbnb/Booking),151,13,3,2039-03-01,0.5566987298107781,2459.005093421784,1149.1262321353106,1309.8788612864735,216125.03704378646,-47999.46295621354,0.9082792058995018
4. Mixto (curso+verano),151,13,3,2039-03-01,0.95,833.625,207.83496458333332,625.7900354166667,117053.25865747899,-147071.241342521,0.49192375985492326
1. Residencial anual,152,13,4,2039-04-01,0.95,912.0,212.92933958333333,699.0706604166667,106258.74038333334,-157865.75961666665,0.4465591106675072
2. Estudiantil x habitacion,152,13,4,2039-04-01,0.95,833.625,207.83496458333332,625.7900354166667,82320.87038333334,-181803.62961666664,0.34595869041115085
3. Turistico (Airbnb/Booking),152,13,4,2039-04-01,0.575,2539.8439999999996,1177.9072195833332,1361.9367804166666,217486.97382420313,-46637.52617579687,0.9140028317890445
4. Mixto (curso+verano),152,13,4,2039-04-01,0.95,833.625,207.83496458333332,625.7900354166667,117679.04869289565,-146445.45130710435,0.4945536822563381
1. Residencial anual,153,13,5,2039-05-01,0.95,912.0,212.92933958333333,699.0706604166667,106957.81104375,-157166.68895625,0.4494969995534776
2. Estudiantil x habitacion,153,13,5,2039-05-01,0.95,833.625,207.83496458333332,625.7900354166667,82946.66041875,-181177.83958124998,0.3485886128125657
3. Turistico (Airbnb/Booking),153,13,5,2039-05-01,0.6,2650.272,1217.2227795833332,1433.049220416667,218920.0230446198,-45204.4769553802,0.9200253122278621
4. Mixto (curso+verano),153,13,5,2039-05-01,0.95,833.625,207.83496458333332,625.7900354166667,118304.83872831232,-145819.66127168768,0.49718360465775296
1. Residencial anual,154,13,6,2039-06-01,0.95,912.0,212.92933958333333,699.0706604166667,107656.88170416666,-156467.61829583335,0.45243488843944807
2. Estudiantil x habitacion,154,13,6,2039-06-01,0.95,833.625,207.83496458333332,625.7900354166667,83572.45045416667,-180552.04954583332,0.35121853521398055
3. Turistico (Airbnb/Booking),154,13,6,2039-06-01,0.625,2760.7,1256.5383395833335,1504.1616604166666,220424.18470503646,-43700.31529496354,0.9263466472159548
4. Mixto (curso+verano),154,13,6,2039-06-01,0.95,833.625,207.83496458333332,625.7900354166667,118930.628763729,-145193.871236271,0.4998135270591679
1. Residencial anual,155,13,7,2039-07-01,0.95,912.0,212.92933958333333,699.0706604166667,108355.95236458334,-155768.54763541667,0.45537277732541853
2. Estudiantil x habitacion,155,13,7,2039-07-01,0.3,263.25,170.76058958333334,92.48941041666667,83664.93986458333,-180459.5601354167,0.3516072278402325
3. Turistico (Airbnb/Booking),155,13,7,2039-07-01,0.6433012701892219,2841.5389065782156,1285.3193270313561,1556.2195795468597,221980.40428458335,-42144.09571541665,0.9328867589181902
4. Mixto (curso+verano),155,13,7,2039-07-01,0.6433012701892219,2841.5389065782156,1285.3193270313561,1556.2195795468597,120486.84834327585,-143637.65165672416,0.506353638761403
1. Residencial anual,156,13,8,2039-08-01,0.95,912.0,212.92933958333333,699.0706604166667,109055.023025,-155069.476975,0.45831066621138894
2. Estudiantil x habitacion,156,13,8,2039-08-01,0.3,263.25,170.76058958333334,92.48941041666667,83757.429275,-180367.070725,0.3519959204664846
3. Turistico (Airbnb/Booking),156,13,8,2039-08-01,0.65,2871.128,1295.8538995833335,1575.274100416667,223555.678385,-40568.82161499999,0.9395069484555579
4. Mixto (curso+verano),156,13,8,2039-08-01,0.65,2871.128,1295.8538995833335,1575.274100416667,122062.12244369251,-142062.37755630747,0.5129738282987708
1. Residencial anual,157,14,9,2039-09-01,0.95,912.0,212.92933958333333,699.0706604166667,109754.09368541666,-154370.40631458332,0.4612485550973594
2. Estudiantil x habitacion,157,14,9,2039-09-01,0.95,833.625,207.83496458333332,625.7900354166667,84383.21931041667,-179741.28068958333,0.3546258428678994
3. Turistico (Airbnb/Booking),157,14,9,2039-09-01,0.6433012701892219,2841.5389065782156,1285.3193270313561,1556.2195795468597,225111.89796454686,-39012.602035453136,0.946047060157793
4. Mixto (curso+verano),157,14,9,2039-09-01,0.95,833.625,207.83496458333332,625.7900354166667,122687.91247910917,-141436.5875208908,0.5156037507001856
1. Residencial anual,158,14,10,2039-10-01,0.95,912.0,212.92933958333333,699.0706604166667,110453.16434583333,-153671.33565416667,0.4641864439833298
2. Estudiantil x habitacion,158,14,10,2039-10-01,0.95,833.625,207.83496458333332,625.7900354166667,85009.00934583333,-179115.49065416667,0.35725576526931424
3. Turistico (Airbnb/Booking),158,14,10,2039-10-01,0.625,2760.7,1256.5383395833335,1504.1616604166666,226616.05962496353,-37508.44037503647,0.9523683951458858
4. Mixto (curso+verano),158,14,10,2039-10-01,0.95,833.625,207.83496458333332,625.7900354166667,123313.70251452585,-140810.79748547415,0.5182336731016005
1. Residencial anual,159,14,11,2039-11-01,0.95,912.0,212.92933958333333,699.0706604166667,111152.23500625,-152972.26499375,0.4671243328693003
2. Estudiantil x habitacion,159,14,11,2039-11-01,0.95,833.625,207.83496458333332,625.7900354166667,85634.79938125,-178489.70061875,0.35988568767072915
3. Turistico (Airbnb/Booking),159,14,11,2039-11-01,0.6,2650.272,1217.2227795833332,1433.049220416667,228049.1088453802,-36075.39115461981,0.9583908755847035
4. Mixto (curso+verano),159,14,11,2039-11-01,0.95,833.625,207.83496458333332,625.7900354166667,123939.49254994252,-140185.00745005748,0.5208635955030154
1. Residencial anual,160,14,12,2039-12-01,0.95,912.0,212.92933958333333,699.0706604166667,111851.30566666667,-152273.19433333335,0.47006222175527074
2. Estudiantil x habitacion,160,14,12,2039-12-01,0.95,833.625,207.83496458333332,625.7900354166667,86260.58941666667,-177863.91058333335,0.362515610072144
3. Turistico (Airbnb/Booking),160,14,12,2039-12-01,0.575,2539.8439999999996,1177.9072195833332,1361.9367804166666,229411.04562579686,-34713.45437420314,0.9641145014742462
4. Mixto (curso+verano),160,14,12,2039-12-01,0.95,833.625,207.83496458333332,625.7900354166667,124565.28258535918,-139559.21741464082,0.5234935179044302
1. Residencial anual,161,14,1,2040-01-01,0.95,912.0,212.92933958333333,699.0706604166667,112550.37632708333,-151574.12367291667,0.47300011064124114
2. Estudiantil x habitacion,161,14,1,2040-01-01,0.95,833.625,207.83496458333332,625.7900354166667,86886.37945208333,-177238.12054791668,0.36514553247355885
3. Turistico (Airbnb/Booking),161,14,1,2040-01-01,0.5566987298107781,2459.005093421784,1149.1262321353106,1309.8788612864735,230720.92448708334,-33403.575512916665,0.9696193506496463
4. Mixto (curso+verano),161,14,1,2040-01-01,0.95,833.625,207.83496458333332,625.7900354166667,125191.07262077584,-138933.42737922416,0.5261234403058451
1. Residencial anual,162,14,2,2040-02-01,0.95,912.0,212.92933958333333,699.0706604166667,113249.4469875,-150875.0530125,0.4759379995272116
2. Estudiantil x habitacion,162,14,2,2040-02-01,0.95,833.625,207.83496458333332,625.7900354166667,87512.1694875,-176612.33051250002,0.3677754548749737
3. Turistico (Airbnb/Booking),162,14,2,2040-02-01,0.5499999999999999,2429.4159999999997,1138.5916595833332,1290.8243404166667,232011.7488275,-32112.751172499993,0.9750441219899139
4. Mixto (curso+verano),162,14,2,2040-02-01,0.95,833.625,207.83496458333332,625.7900354166667,125816.86265619252,-138307.6373438075,0.52875336270726
1. Residencial anual,163,14,3,2040-03-01,0.95,912.0,212.92933958333333,699.0706604166667,113948.51764791667,-150175.98235208332,0.47887588841318207
2. Estudiantil x habitacion,163,14,3,2040-03-01,0.95,833.625,207.83496458333332,625.7900354166667,88137.95952291667,-175986.54047708333,0.3704053772763886
3. Turistico (Airbnb/Booking),163,14,3,2040-03-01,0.5566987298107781,2459.005093421784,1149.1262321353106,1309.8788612864735,233321.62768878648,-30802.87231121352,0.980548971165314
4. Mixto (curso+verano),163,14,3,2040-03-01,0.95,833.625,207.83496458333332,625.7900354166667,126442.65269160918,-137681.84730839083,0.5313832851086748
1. Residencial anual,164,14,4,2040-04-01,0.95,912.0,212.92933958333333,699.0706604166667,114647.58830833333,-149476.91169166667,0.4818137772991525
2. Estudiantil x habitacion,164,14,4,2040-04-01,0.95,833.625,207.83496458333332,625.7900354166667,88763.74955833334,-175360.75044166666,0.37303529967780347
3. Turistico (Airbnb/Booking),164,14,4,2040-04-01,0.575,2539.8439999999996,1177.9072195833332,1361.9367804166666,234683.56446920315,-29440.93553079685,0.9862725970548567
4. Mixto (curso+verano),164,14,4,2040-04-01,0.95,833.625,207.83496458333332,625.7900354166667,127068.44272702585,-137056.05727297417,0.5340132075100897
1. Residencial anual,165,14,5,2040-05-01,0.95,912.0,212.92933958333333,699.0706604166667,115346.65896875,-148777.84103125002,0.4847516661851229
2. Estudiantil x habitacion,165,14,5,2040-05-01,0.95,833.625,207.83496458333332,625.7900354166667,89389.53959375,-174734.96040625,0.3756652220792183
3. Turistico (Airbnb/Booking),165,14,5,2040-05-01,0.6,2650.272,1217.2227795833332,1433.049220416667,236116.61368961981,-28007.886310380185,0.9922950774936744
4. Mixto (curso+verano),165,14,5,2040-05-01,0.95,833.625,207.83496458333332,625.7900354166667,127694.23276244251,-136430.2672375575,0.5366431299115045
1. Residencial anual,166,14,6,2040-06-01,0.95,912.0,212.92933958333333,699.0706604166667,116045.72962916667,-148078.77037083334,0.4876895550710934
2. Estudiantil x habitacion,166,14,6,2040-06-01,0.95,833.625,207.83496458333332,625.7900354166667,90015.32962916666,-174109.17037083334,0.37829514448063317
3. Turistico (Airbnb/Booking),166,14,6,2040-06-01,0.625,2760.7,1256.5383395833335,1504.1616604166666,237620.77535003648,-26503.724649963522,0.9986164124817671
4. Mixto (curso+verano),166,14,6,2040-06-01,0.95,833.625,207.83496458333332,625.7900354166667,128320.02279785919,-135804.4772021408,0.5392730523129194
1. Residencial anual,167,14,7,2040-07-01,0.95,912.0,212.92933958333333,699.0706604166667,116744.80028958333,-147379.69971041667,0.4906274439570638
2. Estudiantil x habitacion,167,14,7,2040-07-01,0.3,263.25,170.76058958333334,92.48941041666667,90107.81903958334,-174016.68096041668,0.3786838371068852
3. Turistico (Airbnb/Booking),167,14,7,2040-07-01,0.6433012701892219,2841.5389065782156,1285.3193270313561,1556.2195795468597,239176.99492958334,-24947.505070416664,1.0051565241840021
4. Mixto (curso+verano),167,14,7,2040-07-01,0.6433012701892219,2841.5389065782156,1285.3193270313561,1556.2195795468597,129876.24237740604,-134248.25762259396,0.5458131640151547
1. Residencial anual,168,14,8,2040-08-01,0.95,912.0,212.92933958333333,699.0706604166667,117443.87095,-146680.62905,0.4935653328430342
2. Estudiantil x habitacion,168,14,8,2040-08-01,0.3,263.25,170.76058958333334,92.48941041666667,90200.30845,-173924.19155,0.3790725297331372
3. Turistico (Airbnb/Booking),168,14,8,2040-08-01,0.65,2871.128,1295.8538995833335,1575.274100416667,240752.26903,-23372.230970000004,1.01177671372137
4. Mixto (curso+verano),168,14,8,2040-08-01,0.65,2871.128,1295.8538995833335,1575.274100416667,131451.5164778227,-132672.9835221773,0.5524333535525224
1. Residencial anual,169,15,9,2040-09-01,0.95,912.0,212.92933958333333,699.0706604166667,118142.94161041667,-145981.5583895833,0.49650322172900474
2. Estudiantil x habitacion,169,15,9,2040-09-01,0.95,833.625,207.83496458333332,625.7900354166667,90826.09848541667,-173298.40151458333,0.3817024521345521
3. Turistico (Airbnb/Booking),169,15,9,2040-09-01,0.6433012701892219,2841.5389065782156,1285.3193270313561,1556.2195795468597,242308.48860954685,-21816.011390453146,1.0183168254236052
4. Mixto (curso+verano),169,15,9,2040-09-01,0.95,833.625,207.83496458333332,625.7900354166667,132077.30651323937,-132047.19348676063,0.5550632759539372
1. Residencial anual,170,15,10,2040-10-01,0.95,912.0,212.92933958333333,699.0706604166667,118842.01227083334,-145282.48772916666,0.49944111061497515
2. Estudiantil x habitacion,170,15,10,2040-10-01,0.95,833.625,207.83496458333332,625.7900354166667,91451.88852083334,-172672.61147916666,0.38433237453596697
3. Turistico (Airbnb/Booking),170,15,10,2040-10-01,0.625,2760.7,1256.5383395833335,1504.1616604166666,243812.65026996352,-20311.849730036483,1.0246381604116979
4. Mixto (curso+verano),170,15,10,2040-10-01,0.95,833.625,207.83496458333332,625.7900354166667,132703.09654865603,-131421.40345134397,0.5576931983553521
1. Residencial anual,171,15,11,2040-11-01,0.95,912.0,212.92933958333333,699.0706604166667,119541.08293125,-144583.41706875002,0.5023789995009456
2. Estudiantil x habitacion,171,15,11,2040-11-01,0.95,833.625,207.83496458333332,625.7900354166667,92077.67855625,-172046.82144375,0.3869622969373818
3. Turistico (Airbnb/Booking),171,15,11,2040-11-01,0.6,2650.272,1217.2227795833332,1433.049220416667,245245.69949038018,-18878.800509619818,1.0306606408505157
4. Mixto (curso+verano),171,15,11,2040-11-01,0.95,833.625,207.83496458333332,625.7900354166667,133328.8865840727,-130795.6134159273,0.5603231207567669
1. Residencial anual,172,15,12,2040-12-01,0.95,912.0,212.92933958333333,699.0706604166667,120240.15359166666,-143884.34640833334,0.505316888386916
2. Estudiantil x habitacion,172,15,12,2040-12-01,0.95,833.625,207.83496458333332,625.7900354166667,92703.46859166666,-171421.03140833334,0.3895922193387967
3. Turistico (Airbnb/Booking),172,15,12,2040-12-01,0.575,2539.8439999999996,1177.9072195833332,1361.9367804166666,246607.63627079685,-17516.86372920315,1.0363842667400582
4. Mixto (curso+verano),172,15,12,2040-12-01,0.95,833.625,207.83496458333332,625.7900354166667,133954.6766194894,-130169.82338051061,0.562953043158182
1. Residencial anual,173,15,1,2041-01-01,0.95,912.0,212.92933958333333,699.0706604166667,120939.22425208334,-143185.27574791666,0.5082547772728865
2. Estudiantil x habitacion,173,15,1,2041-01-01,0.95,833.625,207.83496458333332,625.7900354166667,93329.25862708334,-170795.24137291667,0.3922221417402116
3. Turistico (Airbnb/Booking),173,15,1,2041-01-01,0.5566987298107781,2459.005093421784,1149.1262321353106,1309.8788612864735,247917.51513208332,-16206.984867916675,1.0418891159154584
4. Mixto (curso+verano),173,15,1,2041-01-01,0.95,833.625,207.83496458333332,625.7900354166667,134580.46665490605,-129544.03334509395,0.5655829655595968
1. Residencial anual,174,15,2,2041-02-01,0.95,912.0,212.92933958333333,699.0706604166667,121638.2949125,-142486.20508749998,0.511192666158857
2. Estudiantil x habitacion,174,15,2,2041-02-01,0.95,833.625,207.83496458333332,625.7900354166667,93955.0486625,-170169.4513375,0.39485206414162644
3. Turistico (Airbnb/Booking),174,15,2,2041-02-01,0.5499999999999999,2429.4159999999997,1138.5916595833332,1290.8243404166667,249208.3394725,-14916.160527500004,1.047313887255726
4. Mixto (curso+verano),174,15,2,2041-02-01,0.95,833.625,207.83496458333332,625.7900354166667,135206.2566903227,-128918.24330967729,0.5682128879610117
1. Residencial anual,175,15,3,2041-03-01,0.95,912.0,212.92933958333333,699.0706604166667,122337.36557291666,-141787.13442708334,0.5141305550448273
2. Estudiantil x habitacion,175,15,3,2041-03-01,0.95,833.625,207.83496458333332,625.7900354166667,94580.83869791667,-169543.66130208335,0.3974819865430413
3. Turistico (Airbnb/Booking),175,15,3,2041-03-01,0.5566987298107781,2459.005093421784,1149.1262321353106,1309.8788612864735,250518.21833378647,-13606.28166621353,1.0528187364311261
4. Mixto (curso+verano),175,15,3,2041-03-01,0.95,833.625,207.83496458333332,625.7900354166667,135832.04672573938,-128292.45327426062,0.5708428103624265
1. Residencial anual,176,15,4,2041-04-01,0.95,912.0,212.92933958333333,699.0706604166667,123036.43623333334,-141088.06376666666,0.5170684439307979
2. Estudiantil x habitacion,176,15,4,2041-04-01,0.95,833.625,207.83496458333332,625.7900354166667,95206.62873333333,-168917.87126666668,0.4001119089444561
3. Turistico (Airbnb/Booking),176,15,4,2041-04-01,0.575,2539.8439999999996,1177.9072195833332,1361.9367804166666,251880.15511420314,-12244.344885796861,1.058542362320669
4. Mixto (curso+verano),176,15,4,2041-04-01,0.95,833.625,207.83496458333332,625.7900354166667,136457.83676115604,-127666.66323884396,0.5734727327638413
1. Residencial anual,177,15,5,2041-05-01,0.95,912.0,212.92933958333333,699.0706604166667,123735.50689375,-140388.99310625,0.5200063328167682
2. Estudiantil x habitacion,177,15,5,2041-05-01,0.95,833.625,207.83496458333332,625.7900354166667,95832.41876875001,-168292.08123125,0.402741831345871
3. Turistico (Airbnb/Booking),177,15,5,2041-05-01,0.6,2650.272,1217.2227795833332,1433.049220416667,253313.2043346198,-10811.295665380196,1.0645648427594865
4. Mixto (curso+verano),177,15,5,2041-05-01,0.95,833.625,207.83496458333332,625.7900354166667,137083.6267965727,-127040.8732034273,0.5761026551652562
1. Residencial anual,178,15,6,2041-06-01,0.95,912.0,212.92933958333333,699.0706604166667,124434.57755416667,-139689.92244583333,0.5229442217027387
2. Estudiantil x habitacion,178,15,6,2041-06-01,0.95,833.625,207.83496458333332,625.7900354166667,96458.20880416667,-167666.29119583333,0.40537175374728585
3. Turistico (Airbnb/Booking),178,15,6,2041-06-01,0.625,2760.7,1256.5383395833335,1504.1616604166666,254817.36599503647,-9307.134004963533,1.070886177747579
4. Mixto (curso+verano),178,15,6,2041-06-01,0.95,833.625,207.83496458333332,625.7900354166667,137709.41683198937,-126415.08316801063,0.578732577566671
1. Residencial anual,179,15,7,2041-07-01,0.95,912.0,212.92933958333333,699.0706604166667,125133.64821458333,-138990.85178541666,0.525882110588709
2. Estudiantil x habitacion,179,15,7,2041-07-01,0.3,263.25,170.76058958333334,92.48941041666667,96550.69821458333,-167573.80178541667,0.40576044637353786
3. Turistico (Airbnb/Booking),179,15,7,2041-07-01,0.6433012701892219,2841.5389065782156,1285.3193270313561,1556.2195795468597,256373.58557458333,-7750.914425416675,1.0774262894498143
4. Mixto (curso+verano),179,15,7,2041-07-01,0.6433012701892219,2841.5389065782156,1285.3193270313561,1556.2195795468597,139265.63641153622,-124858.86358846378,0.5852726892689062
1. Residencial anual,180,15,8,2041-08-01,0.95,912.0,212.92933958333333,699.0706604166667,125832.718875,-138291.78112499998,0.5288199994746796
2. Estudiantil x habitacion,180,15,8,2041-08-01,0.3,263.25,170.76058958333334,92.48941041666667,96643.187625,-167481.31237499998,0.4061491389997899
3. Turistico (Airbnb/Booking),180,15,8,2041-08-01,0.65,2871.128,1295.8538995833335,1575.274100416667,257948.859675,-6175.640324999986,1.0840464789871822
4. Mixto (curso+verano),180,15,8,2041-08-01,0.65,2871.128,1295.8538995833335,1575.274100416667,140840.9105119529,-123283.58948804709,0.5918928788062741
1. Residencial anual,181,16,9,2041-09-01,0.95,912.0,212.92933958333333,699.0706604166667,126531.78953541667,-137592.71046458333,0.53175788836065
2. Estudiantil x habitacion,181,16,9,2041-09-01,0.95,833.625,207.83496458333332,625.7900354166667,97268.97766041667,-166855.52233958332,0.40877906140120474
3. Turistico (Airbnb/Booking),181,16,9,2041-09-01,0.6433012701892219,2841.5389065782156,1285.3193270313561,1556.2195795468597,259505.07925454687,-4619.420745453128,1.0905865906894174
4. Mixto (curso+verano),181,16,9,2041-09-01,0.95,833.625,207.83496458333332,625.7900354166667,141466.70054736958,-122657.79945263042,0.5945228012076889
1. Residencial anual,182,16,10,2041-10-01,0.95,912.0,212.92933958333333,699.0706604166667,127230.86019583333,-136893.63980416668,0.5346957772466204
2. Estudiantil x habitacion,182,16,10,2041-10-01,0.95,833.625,207.83496458333332,625.7900354166667,97894.76769583333,-166229.73230416665,0.4114089838026196
3. Turistico (Airbnb/Booking),182,16,10,2041-10-01,0.625,2760.7,1256.5383395833335,1504.1616604166666,261009.24091496354,-3115.259085036465,1.09690792567751
4. Mixto (curso+verano),182,16,10,2041-10-01,0.95,833.625,207.83496458333332,625.7900354166667,142092.49058278624,-122032.00941721376,0.5971527236091038
1. Residencial anual,183,16,11,2041-11-01,0.95,912.0,212.92933958333333,699.0706604166667,127929.93085625,-136194.56914375,0.5376336661325909
2. Estudiantil x habitacion,183,16,11,2041-11-01,0.95,833.625,207.83496458333332,625.7900354166667,98520.55773125,-165603.94226875,0.41403890620403444
3. Turistico (Airbnb/Booking),183,16,11,2041-11-01,0.6,2650.272,1217.2227795833332,1433.049220416667,262442.2901353802,-1682.2098646198283,1.1029304061163276
4. Mixto (curso+verano),183,16,11,2041-11-01,0.95,833.625,207.83496458333332,625.7900354166667,142718.2806182029,-121406.2193817971,0.5997826460105186
1. Residencial anual,184,16,12,2041-12-01,0.95,912.0,212.92933958333333,699.0706604166667,128629.00151666667,-135495.49848333333,0.5405715550185614
2. Estudiantil x habitacion,184,16,12,2041-12-01,0.95,833.625,207.83496458333332,625.7900354166667,99146.34776666667,-164978.15223333333,0.41666882860544935
3. Turistico (Airbnb/Booking),184,16,12,2041-12-01,0.575,2539.8439999999996,1177.9072195833332,1361.9367804166666,263804.22691579687,-320.27308420313057,1.1086540320058704
4. Mixto (curso+verano),184,16,12,2041-12-01,0.95,833.625,207.83496458333332,625.7900354166667,143344.07065361956,-120780.42934638044,0.6024125684119335
1. Residencial anual,185,16,1,2042-01-01,0.95,912.0,212.92933958333333,699.0706604166667,129328.07217708333,-134796.42782291665,0.5435094439045318
2. Estudiantil x habitacion,185,16,1,2042-01-01,0.95,833.625,207.83496458333332,625.7900354166667,99772.13780208334,-164352.36219791666,0.4192987510068642
3. Turistico (Airbnb/Booking),185,16,1,2042-01-01,0.5566987298107781,2459.005093421784,1149.1262321353106,1309.8788612864735,265114.1057770833,989.605777083314,1.1141588811812706
4. Mixto (curso+verano),185,16,1,2042-01-01,0.95,833.625,207.83496458333332,625.7900354166667,143969.86068903623,-120154.63931096377,0.6050424908133483
1. Residencial anual,186,16,2,2042-02-01,0.95,912.0,212.92933958333333,699.0706604166667,130027.1428375,-134097.3571625,0.5464473327905022
2. Estudiantil x habitacion,186,16,2,2042-02-01,0.95,833.625,207.83496458333332,625.7900354166667,100397.9278375,-163726.5721625,0.42192867340827905
3. Turistico (Airbnb/Booking),186,16,2,2042-02-01,0.5499999999999999,2429.4159999999997,1138.5916595833332,1290.8243404166667,266404.9301175,2280.4301175000146,1.1195836525215381
4. Mixto (curso+verano),186,16,2,2042-02-01,0.95,833.625,207.83496458333332,625.7900354166667,144595.6507244529,-119528.84927554711,0.6076724132147632
1. Residencial anual,187,16,3,2042-03-01,0.95,912.0,212.92933958333333,699.0706604166667,130726.21349791667,-133398.28650208333,0.5493852216764726
2. Estudiantil x habitacion,187,16,3,2042-03-01,0.95,833.625,207.83496458333332,625.7900354166667,101023.71787291666,-163100.78212708334,0.4245585958096939
3. Turistico (Airbnb/Booking),187,16,3,2042-03-01,0.5566987298107781,2459.005093421784,1149.1262321353106,1309.8788612864735,267714.80897878646,3590.308978786459,1.1250885016969383
4. Mixto (curso+verano),187,16,3,2042-03-01,0.95,833.625,207.83496458333332,625.7900354166667,145221.44075986955,-118903.05924013045,0.610302335616178
1. Residencial anual,188,16,4,2042-04-01,0.95,912.0,212.92933958333333,699.0706604166667,131425.28415833332,-132699.21584166668,0.552323110562443
2. Estudiantil x habitacion,188,16,4,2042-04-01,0.95,833.625,207.83496458333332,625.7900354166667,101649.50790833334,-162474.99209166667,0.4271885182111088
3. Turistico (Airbnb/Booking),188,16,4,2042-04-01,0.575,2539.8439999999996,1177.9072195833332,1361.9367804166666,269076.74575920316,4952.245759203157,1.130812127586481
4. Mixto (curso+verano),188,16,4,2042-04-01,0.95,833.625,207.83496458333332,625.7900354166667,145847.23079528625,-118277.26920471375,0.612932258017593
1. Residencial anual,189,16,5,2042-05-01,0.95,912.0,212.92933958333333,699.0706604166667,132124.35481875,-132000.14518125,0.5552609994484136
2. Estudiantil x habitacion,189,16,5,2042-05-01,0.95,833.625,207.83496458333332,625.7900354166667,102275.29794375,-161849.20205625,0.42981844061252367
3. Turistico (Airbnb/Booking),189,16,5,2042-05-01,0.6,2650.272,1217.2227795833332,1433.049220416667,270509.7949796198,6385.294979619794,1.1368346080252985
4. Mixto (curso+verano),189,16,5,2042-05-01,0.95,833.625,207.83496458333332,625.7900354166667,146473.0208307029,-117651.47916929709,0.6155621804190078
1. Residencial anual,190,16,6,2042-06-01,0.95,912.0,212.92933958333333,699.0706604166667,132823.42547916668,-131301.07452083332,0.558198888334384
2. Estudiantil x habitacion,190,16,6,2042-06-01,0.95,833.625,207.83496458333332,625.7900354166667,102901.08797916667,-161223.41202083335,0.4324483630139385
3. Turistico (Airbnb/Booking),190,16,6,2042-06-01,0.625,2760.7,1256.5383395833335,1504.1616604166666,272013.9566400365,7889.456640036486,1.1431559430133915
4. Mixto (curso+verano),190,16,6,2042-06-01,0.95,833.625,207.83496458333332,625.7900354166667,147098.81086611957,-117025.68913388043,0.6181921028204227
1. Residencial anual,191,16,7,2042-07-01,0.95,912.0,212.92933958333333,699.0706604166667,133522.49613958332,-130602.00386041668,0.5611367772203544
2. Estudiantil x habitacion,191,16,7,2042-07-01,0.3,263.25,170.76058958333334,92.48941041666667,102993.57738958334,-161130.92261041666,0.43283705564019054
3. Turistico (Airbnb/Booking),191,16,7,2042-07-01,0.6433012701892219,2841.5389065782156,1285.3193270313561,1556.2195795468597,273570.1762195833,9445.676219583314,1.1496960547156265
4. Mixto (curso+verano),191,16,7,2042-07-01,0.6433012701892219,2841.5389065782156,1285.3193270313561,1556.2195795468597,148655.03044566643,-115469.46955433357,0.6247322145226578
1. Residencial anual,192,16,8,2042-08-01,0.95,912.0,212.92933958333333,699.0706604166667,134221.5668,-129902.9332,0.5640746661063248
2. Estudiantil x habitacion,192,16,8,2042-08-01,0.3,263.25,170.76058958333334,92.48941041666667,103086.0668,-161038.4332,0.43322574826644256
3. Turistico (Airbnb/Booking),192,16,8,2042-08-01,0.65,2871.128,1295.8538995833335,1575.274100416667,275145.45032,11020.950320000004,1.1563162442529944
4. Mixto (curso+verano),192,16,8,2042-08-01,0.65,2871.128,1295.8538995833335,1575.274100416667,150230.3045460831,-113894.19545391691,0.6313524040600256
1. Residencial anual,193,17,9,2042-09-01,0.95,912.0,212.92933958333333,699.0706604166667,134920.63746041668,-129203.86253958332,0.5670125549922953
2. Estudiantil x habitacion,193,17,9,2042-09-01,0.95,833.625,207.83496458333332,625.7900354166667,103711.85683541666,-160412.64316458334,0.43585567066785735
3. Turistico (Airbnb/Booking),193,17,9,2042-09-01,0.6433012701892219,2841.5389065782156,1285.3193270313561,1556.2195795468597,276701.66989954683,12577.169899546832,1.1628563559552294
4. Mixto (curso+verano),193,17,9,2042-09-01,0.95,833.625,207.83496458333332,625.7900354166667,150856.09458149975,-113268.40541850025,0.6339823264614405
1. Residencial anual,194,17,10,2042-10-01,0.95,912.0,212.92933958333333,699.0706604166667,135619.70812083333,-128504.79187916667,0.5699504438782657
2. Estudiantil x habitacion,194,17,10,2042-10-01,0.95,833.625,207.83496458333332,625.7900354166667,104337.64687083334,-159786.85312916664,0.4384855930692723
3. Turistico (Airbnb/Booking),194,17,10,2042-10-01,0.625,2760.7,1256.5383395833335,1504.1616604166666,278205.8315599635,14081.331559963524,1.1691776909433222
4. Mixto (curso+verano),194,17,10,2042-10-01,0.95,833.625,207.83496458333332,625.7900354166667,151481.88461691642,-112642.61538308358,0.6366122488628553
1. Residencial anual,195,17,11,2042-11-01,0.95,912.0,212.92933958333333,699.0706604166667,136318.77878125,-127805.72121875,0.5728883327642362
2. Estudiantil x habitacion,195,17,11,2042-11-01,0.95,833.625,207.83496458333332,625.7900354166667,104963.43690625,-159161.06309374998,0.4411155154706871
3. Turistico (Airbnb/Booking),195,17,11,2042-11-01,0.6,2650.272,1217.2227795833332,1433.049220416667,279638.8807803802,15514.38078038022,1.17520017138214
4. Mixto (curso+verano),195,17,11,2042-11-01,0.95,833.625,207.83496458333332,625.7900354166667,152107.67465233308,-112016.82534766692,0.6392421712642702
1. Residencial anual,196,17,12,2042-12-01,0.95,912.0,212.92933958333333,699.0706604166667,137017.84944166668,-127106.65055833332,0.5758262216502067
2. Estudiantil x habitacion,196,17,12,2042-12-01,0.95,833.625,207.83496458333332,625.7900354166667,105589.22694166667,-158535.27305833332,0.44374543787210197
3. Turistico (Airbnb/Booking),196,17,12,2042-12-01,0.575,2539.8439999999996,1177.9072195833332,1361.9367804166666,281000.81756079686,16876.31756079686,1.1809237972716826
4. Mixto (curso+verano),196,17,12,2042-12-01,0.95,833.625,207.83496458333332,625.7900354166667,152733.46468774977,-111391.03531225023,0.6418720936656851
1. Residencial anual,197,17,1,2043-01-01,0.95,912.0,212.92933958333333,699.0706604166667,137716.92010208333,-126407.57989791667,0.578764110536177
2. Estudiantil x habitacion,197,17,1,2043-01-01,0.95,833.625,207.83496458333332,625.7900354166667,106215.01697708333,-157909.48302291665,0.4463753602735168
3. Turistico (Airbnb/Booking),197,17,1,2043-01-01,0.5566987298107781,2459.005093421784,1149.1262321353106,1309.8788612864735,282310.69642208336,18186.19642208336,1.1864286464470828
4. Mixto (curso+verano),197,17,1,2043-01-01,0.95,833.625,207.83496458333332,625.7900354166667,153359.25472316644,-110765.24527683356,0.6445020160671
1. Residencial anual,198,17,2,2043-02-01,0.95,912.0,212.92933958333333,699.0706604166667,138415.9907625,-125708.5092375,0.5817019994221475
2. Estudiantil x habitacion,198,17,2,2043-02-01,0.95,833.625,207.83496458333332,625.7900354166667,106840.80701250001,-157283.6929875,0.4490052826749317
3. Turistico (Airbnb/Booking),198,17,2,2043-02-01,0.5499999999999999,2429.4159999999997,1138.5916595833332,1290.8243404166667,283601.5207625,19477.020762500004,1.1918534177873503
4. Mixto (curso+verano),198,17,2,2043-02-01,0.95,833.625,207.83496458333332,625.7900354166667,153985.0447585831,-110139.4552414169,0.6471319384685148
1. Residencial anual,199,17,3,2043-03-01,0.95,912.0,212.92933958333333,699.0706604166667,139115.06142291665,-125009.43857708335,0.5846398883081179
2. Estudiantil x habitacion,199,17,3,2043-03-01,0.95,833.625,207.83496458333332,625.7900354166667,107466.59704791667,-156657.90295208333,0.4516352050763466
3. Turistico (Airbnb/Booking),199,17,3,2043-03-01,0.5566987298107781,2459.005093421784,1149.1262321353106,1309.8788612864735,284911.39962378645,20786.89962378645,1.1973582669627503
4. Mixto (curso+verano),199,17,3,2043-03-01,0.95,833.625,207.83496458333332,625.7900354166667,154610.83479399976,-109513.66520600024,0.6497618608699297
1. Residencial anual,200,17,4,2043-04-01,0.95,912.0,212.92933958333333,699.0706604166667,139814.13208333333,-124310.36791666667,0.5875777771940884
2. Estudiantil x habitacion,200,17,4,2043-04-01,0.95,833.625,207.83496458333332,625.7900354166667,108092.38708333333,-156032.11291666667,0.45426512747776143
3. Turistico (Airbnb/Booking),200,17,4,2043-04-01,0.575,2539.8439999999996,1177.9072195833332,1361.9367804166666,286273.33640420315,22148.836404203146,1.203081892852293
4. Mixto (curso+verano),200,17,4,2043-04-01,0.95,833.625,207.83496458333332,625.7900354166667,155236.62482941643,-108887.87517058357,0.6523917832713445
1. Residencial anual,201,17,5,2043-05-01,0.95,912.0,212.92933958333333,699.0706604166667,140513.20274375,-123611.29725624999,0.5905156660800589
2. Estudiantil x habitacion,201,17,5,2043-05-01,0.95,833.625,207.83496458333332,625.7900354166667,108718.17711875,-155406.32288125,0.4568950498791763
3. Turistico (Airbnb/Booking),201,17,5,2043-05-01,0.6,2650.272,1217.2227795833332,1433.049220416667,287706.3856246198,23581.885624619783,1.2091043732911106
4. Mixto (curso+verano),201,17,5,2043-05-01,0.95,833.625,207.83496458333332,625.7900354166667,155862.4148648331,-108262.08513516691,0.6550217056727593
1. Residencial anual,202,17,6,2043-06-01,0.95,912.0,212.92933958333333,699.0706604166667,141212.27340416666,-122912.22659583334,0.5934535549660293
2. Estudiantil x habitacion,202,17,6,2043-06-01,0.95,833.625,207.83496458333332,625.7900354166667,109343.96715416668,-154780.53284583334,0.4595249722805912
3. Turistico (Airbnb/Booking),202,17,6,2043-06-01,0.625,2760.7,1256.5383395833335,1504.1616604166666,289210.5472850365,25086.047285036475,1.2154257082792035
4. Mixto (curso+verano),202,17,6,2043-06-01,0.95,833.625,207.83496458333332,625.7900354166667,156488.20490024975,-107636.29509975025,0.6576516280741742
1. Residencial anual,203,17,7,2043-07-01,0.95,912.0,212.92933958333333,699.0706604166667,141911.34406458333,-122213.15593541667,0.5963914438519997
2. Estudiantil x habitacion,203,17,7,2043-07-01,0.3,263.25,170.76058958333334,92.48941041666667,109436.45656458334,-154688.04343541665,0.45991366490684316
3. Turistico (Airbnb/Booking),203,17,7,2043-07-01,0.6433012701892219,2841.5389065782156,1285.3193270313561,1556.2195795468597,290766.76686458336,26642.266864583362,1.2219658199814387
4. Mixto (curso+verano),203,17,7,2043-07-01,0.6433012701892219,2841.5389065782156,1285.3193270313561,1556.2195795468597,158044.4244797966,-106080.07552020339,0.6641917397764093
1. Residencial anual,204,17,8,2043-08-01,0.95,912.0,212.92933958333333,699.0706604166667,142610.414725,-121514.08527499999,0.5993293327379702
2. Estudiantil x habitacion,204,17,8,2043-08-01,0.3,263.25,170.76058958333334,92.48941041666667,109528.94597500001,-154595.554025,0.46030235753309523
3. Turistico (Airbnb/Booking),204,17,8,2043-08-01,0.65,2871.128,1295.8538995833335,1575.274100416667,292342.040965,28217.540964999993,1.2285860095188064
4. Mixto (curso+verano),204,17,8,2043-08-01,0.65,2871.128,1295.8538995833335,1575.274100416667,159619.6985802133,-104504.8014197867,0.6708119293137773
1. Residencial anual,205,18,9,2043-09-01,0.95,912.0,212.92933958333333,699.0706604166667,143309.48538541666,-120815.01461458334,0.6022672216239405
2. Estudiantil x habitacion,205,18,9,2043-09-01,0.95,833.625,207.83496458333332,625.7900354166667,110154.73601041667,-153969.76398958333,0.4629322799345101
3. Turistico (Airbnb/Booking),205,18,9,2043-09-01,0.6433012701892219,2841.5389065782156,1285.3193270313561,1556.2195795468597,293898.2605445469,29773.76054454688,1.2351261212210418
4. Mixto (curso+verano),205,18,9,2043-09-01,0.95,833.625,207.83496458333332,625.7900354166667,160245.48861562996,-103879.01138437004,0.6734418517151921
1. Residencial anual,206,18,10,2043-10-01,0.95,912.0,212.92933958333333,699.0706604166667,144008.55604583333,-120115.94395416667,0.6052051105099111
2. Estudiantil x habitacion,206,18,10,2043-10-01,0.95,833.625,207.83496458333332,625.7900354166667,110780.52604583334,-153343.97395416666,0.46556220233592494
3. Turistico (Airbnb/Booking),206,18,10,2043-10-01,0.625,2760.7,1256.5383395833335,1504.1616604166666,295402.4222049635,31277.922204963514,1.2414474562091344
4. Mixto (curso+verano),206,18,10,2043-10-01,0.95,833.625,207.83496458333332,625.7900354166667,160871.27865104662,-103253.22134895338,0.6760717741166069
1. Residencial anual,207,18,11,2043-11-01,0.95,912.0,212.92933958333333,699.0706604166667,144707.62670625,-119416.87329374999,0.6081429993958816
2. Estudiantil x habitacion,207,18,11,2043-11-01,0.95,833.625,207.83496458333332,625.7900354166667,111406.31608125,-152718.18391875,0.4681921247373398
3. Turistico (Airbnb/Booking),207,18,11,2043-11-01,0.6,2650.272,1217.2227795833332,1433.049220416667,296835.4714253802,32710.97142538021,1.247469936647952
4. Mixto (curso+verano),207,18,11,2043-11-01,0.95,833.625,207.83496458333332,625.7900354166667,161497.0686864633,-102627.43131353671,0.6787016965180218
1. Residencial anual,208,18,12,2043-12-01,0.95,912.0,212.92933958333333,699.0706604166667,145406.69736666666,-118717.80263333334,0.6110808882818519
2. Estudiantil x habitacion,208,18,12,2043-12-01,0.95,833.625,207.83496458333332,625.7900354166667,112032.10611666666,-152092.39388333334,0.47082204713875464
3. Turistico (Airbnb/Booking),208,18,12,2043-12-01,0.575,2539.8439999999996,1177.9072195833332,1361.9367804166666,298197.40820579685,34072.90820579685,1.2531935625374946
4. Mixto (curso+verano),208,18,12,2043-12-01,0.95,833.625,207.83496458333332,625.7900354166667,162122.85872187995,-102001.64127812005,0.6813316189194366
1. Residencial anual,209,18,1,2044-01-01,0.95,912.0,212.92933958333333,699.0706604166667,146105.76802708334,-118018.73197291666,0.6140187771678224
2. Estudiantil x habitacion,209,18,1,2044-01-01,0.95,833.625,207.83496458333332,625.7900354166667,112657.89615208334,-151466.60384791665,0.47345196954016955
3. Turistico (Airbnb/Booking),209,18,1,2044-01-01,0.5566987298107781,2459.005093421784,1149.1262321353106,1309.8788612864735,299507.28706708335,35382.78706708335,1.258698411712895
4. Mixto (curso+verano),209,18,1,2044-01-01,0.95,833.625,207.83496458333332,625.7900354166667,162748.6487572966,-101375.85124270339,0.6839615413208515
1. Residencial anual,210,18,2,2044-02-01,0.95,912.0,212.92933958333333,699.0706604166667,146804.8386875,-117319.66131249999,0.6169566660537928
2. Estudiantil x habitacion,210,18,2,2044-02-01,0.95,833.625,207.83496458333332,625.7900354166667,113283.6861875,-150840.81381249998,0.4760818919415844
3. Turistico (Airbnb/Booking),210,18,2,2044-02-01,0.5499999999999999,2429.4159999999997,1138.5916595833332,1290.8243404166667,300798.1114075,36673.61140749999,1.2641231830531623
4. Mixto (curso+verano),210,18,2,2044-02-01,0.95,833.625,207.83496458333332,625.7900354166667,163374.43879271328,-100750.06120728672,0.6865914637222663
1. Residencial anual,211,18,3,2044-03-01,0.95,912.0,212.92933958333333,699.0706604166667,147503.90934791666,-116620.59065208334,0.6198945549397632
2. Estudiantil x habitacion,211,18,3,2044-03-01,0.95,833.625,207.83496458333332,625.7900354166667,113909.47622291667,-150215.02377708332,0.47871181434299925
3. Turistico (Airbnb/Booking),211,18,3,2044-03-01,0.5566987298107781,2459.005093421784,1149.1262321353106,1309.8788612864735,302107.9902687865,37983.490268786496,1.2696280322285627
4. Mixto (curso+verano),211,18,3,2044-03-01,0.95,833.625,207.83496458333332,625.7900354166667,164000.22882812994,-100124.27117187006,0.6892213861236812
1. Residencial anual,212,18,4,2044-04-01,0.95,912.0,212.92933958333333,699.0706604166667,148202.98000833334,-115921.51999166666,0.6228324438257338
2. Estudiantil x habitacion,212,18,4,2044-04-01,0.95,833.625,207.83496458333332,625.7900354166667,114535.26625833333,-149589.23374166666,0.48134173674441405
3. Turistico (Airbnb/Booking),212,18,4,2044-04-01,0.575,2539.8439999999996,1177.9072195833332,1361.9367804166666,303469.92704920314,39345.427049203136,1.2753516581181052
4. Mixto (curso+verano),212,18,4,2044-04-01,0.95,833.625,207.83496458333332,625.7900354166667,164626.01886354663,-99498.48113645337,0.6918513085250961
1. Residencial anual,213,18,5,2044-05-01,0.95,912.0,212.92933958333333,699.0706604166667,148902.05066875,-115222.44933125001,0.6257703327117041
2. Estudiantil x habitacion,213,18,5,2044-05-01,0.95,833.625,207.83496458333332,625.7900354166667,115161.05629375,-148963.44370625,0.48397165914582896
3. Turistico (Airbnb/Booking),213,18,5,2044-05-01,0.6,2650.272,1217.2227795833332,1433.049220416667,304902.97626961983,40778.47626961983,1.281374138556923
4. Mixto (curso+verano),213,18,5,2044-05-01,0.95,833.625,207.83496458333332,625.7900354166667,165251.8088989633,-98872.6911010367,0.694481230926511
1. Residencial anual,214,18,6,2044-06-01,0.95,912.0,212.92933958333333,699.0706604166667,149601.12132916666,-114523.37867083334,0.6287082215976746
2. Estudiantil x habitacion,214,18,6,2044-06-01,0.95,833.625,207.83496458333332,625.7900354166667,115786.84632916667,-148337.65367083333,0.4866015815472438
3. Turistico (Airbnb/Booking),214,18,6,2044-06-01,0.625,2760.7,1256.5383395833335,1504.1616604166666,306407.13793003646,42282.637930036464,1.2876954735450157
4. Mixto (curso+verano),214,18,6,2044-06-01,0.95,833.625,207.83496458333332,625.7900354166667,165877.59893437996,-98246.90106562004,0.6971111533279258
1. Residencial anual,215,18,7,2044-07-01,0.95,912.0,212.92933958333333,699.0706604166667,150300.19198958334,-113824.30801041666,0.631646110483645
2. Estudiantil x habitacion,215,18,7,2044-07-01,0.3,263.25,170.76058958333334,92.48941041666667,115879.33573958333,-148245.16426041667,0.48699027417349583
3. Turistico (Airbnb/Booking),215,18,7,2044-07-01,0.6433012701892219,2841.5389065782156,1285.3193270313561,1556.2195795468597,307963.35750958335,43838.85750958335,1.294235585247251
4. Mixto (curso+verano),215,18,7,2044-07-01,0.6433012701892219,2841.5389065782156,1285.3193270313561,1556.2195795468597,167433.81851392682,-96690.68148607318,0.7036512650301611
1. Residencial anual,216,18,8,2044-08-01,0.95,912.0,212.92933958333333,699.0706604166667,150999.26265,-113125.23735000001,0.6345839993696154
2. Estudiantil x habitacion,216,18,8,2044-08-01,0.3,263.25,170.76058958333334,92.48941041666667,115971.82515,-148152.67485,0.48737896679974785
3. Turistico (Airbnb/Booking),216,18,8,2044-08-01,0.65,2871.128,1295.8538995833335,1575.274100416667,309538.63161,45414.13160999998,1.3008557747846186
4. Mixto (curso+verano),216,18,8,2044-08-01,0.65,2871.128,1295.8538995833335,1575.274100416667,169009.09261434348,-95115.40738565652,0.7102714545675288
1. Residencial anual,217,19,9,2044-09-01,0.95,912.0,212.92933958333333,699.0706604166667,151698.33331041667,-112426.16668958333,0.6375218882555859
2. Estudiantil x habitacion,217,19,9,2044-09-01,0.95,833.625,207.83496458333332,625.7900354166667,116597.61518541667,-147526.88481458335,0.4900088892011627
3. Turistico (Airbnb/Booking),217,19,9,2044-09-01,0.6433012701892219,2841.5389065782156,1285.3193270313561,1556.2195795468597,311094.85118954687,46970.35118954687,1.3073958864868538
4. Mixto (curso+verano),217,19,9,2044-09-01,0.95,833.625,207.83496458333332,625.7900354166667,169634.88264976014,-94489.61735023986,0.7129013769689436
1. Residencial anual,218,19,10,2044-10-01,0.95,912.0,212.92933958333333,699.0706604166667,152397.40397083334,-111727.09602916666,0.6404597771415564
2. Estudiantil x habitacion,218,19,10,2044-10-01,0.95,833.625,207.83496458333332,625.7900354166667,117223.40522083333,-146901.09477916668,0.49263881160257755
3. Turistico (Airbnb/Booking),218,19,10,2044-10-01,0.625,2760.7,1256.5383395833335,1504.1616604166666,312599.0128499635,48474.5128499635,1.3137172214749464
4. Mixto (curso+verano),218,19,10,2044-10-01,0.95,833.625,207.83496458333332,625.7900354166667,170260.6726851768,-93863.8273148232,0.7155312993703585
1. Residencial anual,219,19,11,2044-11-01,0.95,912.0,212.92933958333333,699.0706604166667,153096.47463125,-111028.02536875001,0.6433976660275268
2. Estudiantil x habitacion,219,19,11,2044-11-01,0.95,833.625,207.83496458333332,625.7900354166667,117849.19525625001,-146275.30474375,0.49526873400399246
3. Turistico (Airbnb/Booking),219,19,11,2044-11-01,0.6,2650.272,1217.2227795833332,1433.049220416667,314032.0620703802,49907.5620703802,1.3197397019137642
4. Mixto (curso+verano),219,19,11,2044-11-01,0.95,833.625,207.83496458333332,625.7900354166667,170886.4627205935,-93238.0372794065,0.7181612217717734
1. Residencial anual,220,19,12,2044-12-01,0.95,912.0,212.92933958333333,699.0706604166667,153795.54529166667,-110328.95470833333,0.6463355549134973
2. Estudiantil x habitacion,220,19,12,2044-12-01,0.95,833.625,207.83496458333332,625.7900354166667,118474.98529166667,-145649.51470833333,0.4978986564054073
3. Turistico (Airbnb/Booking),220,19,12,2044-12-01,0.575,2539.8439999999996,1177.9072195833332,1361.9367804166666,315393.99885079684,51269.49885079684,1.3254633278033068
4. Mixto (curso+verano),220,19,12,2044-12-01,0.95,833.625,207.83496458333332,625.7900354166667,171512.25275601016,-92612.24724398984,0.7207911441731883
1. Residencial anual,221,19,1,2045-01-01,0.95,912.0,212.92933958333333,699.0706604166667,154494.61595208335,-109629.88404791665,0.6492734437994677
2. Estudiantil x habitacion,221,19,1,2045-01-01,0.95,833.625,207.83496458333332,625.7900354166667,119100.77532708333,-145023.72467291667,0.5005285788068222
3. Turistico (Airbnb/Booking),221,19,1,2045-01-01,0.5566987298107781,2459.005093421784,1149.1262321353106,1309.8788612864735,316703.87771208334,52579.37771208334,1.330968176978707
4. Mixto (curso+verano),221,19,1,2045-01-01,0.95,833.625,207.83496458333332,625.7900354166667,172138.04279142682,-91986.45720857318,0.7234210665746031
1. Residencial anual,222,19,2,2045-02-01,0.95,912.0,212.92933958333333,699.0706604166667,155193.6866125,-108930.8133875,0.6522113326854381
2. Estudiantil x habitacion,222,19,2,2045-02-01,0.95,833.625,207.83496458333332,625.7900354166667,119726.5653625,-144397.9346375,0.503158501208237
3. Turistico (Airbnb/Booking),222,19,2,2045-02-01,0.5499999999999999,2429.4159999999997,1138.5916595833332,1290.8243404166667,317994.7020525,53870.20205249998,1.3363929483189745
4. Mixto (curso+verano),222,19,2,2045-02-01,0.95,833.625,207.83496458333332,625.7900354166667,172763.83282684349,-91360.66717315651,0.726050988976018
1. Residencial anual,223,19,3,2045-03-01,0.95,912.0,212.92933958333333,699.0706604166667,155892.75727291667,-108231.74272708333,0.6551492215714085
2. Estudiantil x habitacion,223,19,3,2045-03-01,0.95,833.625,207.83496458333332,625.7900354166667,120352.35539791668,-143772.1446020833,0.5057884236096519
3. Turistico (Airbnb/Booking),223,19,3,2045-03-01,0.5566987298107781,2459.005093421784,1149.1262321353106,1309.8788612864735,319304.5809137865,55180.080913786485,1.3418977974943749
4. Mixto (curso+verano),223,19,3,2045-03-01,0.95,833.625,207.83496458333332,625.7900354166667,173389.62286226015,-90734.87713773985,0.7286809113774328
1. Residencial anual,224,19,4,2045-04-01,0.95,912.0,212.92933958333333,699.0706604166667,156591.82793333335,-107532.67206666665,0.6580871104573791
2. Estudiantil x habitacion,224,19,4,2045-04-01,0.95,833.625,207.83496458333332,625.7900354166667,120978.14543333334,-143146.35456666665,0.5084183460110667
3. Turistico (Airbnb/Booking),224,19,4,2045-04-01,0.575,2539.8439999999996,1177.9072195833332,1361.9367804166666,320666.5176942031,56542.017694203125,1.3476214233839172
4. Mixto (curso+verano),224,19,4,2045-04-01,0.95,833.625,207.83496458333332,625.7900354166667,174015.4128976768,-90109.08710232319,0.7313108337788478
1. Residencial anual,225,19,5,2045-05-01,0.95,912.0,212.92933958333333,699.0706604166667,157290.89859375,-106833.60140625,0.6610249993433495
2. Estudiantil x habitacion,225,19,5,2045-05-01,0.95,833.625,207.83496458333332,625.7900354166667,121603.93546875,-142520.56453124998,0.5110482684124816
3. Turistico (Airbnb/Booking),225,19,5,2045-05-01,0.6,2650.272,1217.2227795833332,1433.049220416667,322099.5669146198,57975.06691461982,1.353643903822735
4. Mixto (curso+verano),225,19,5,2045-05-01,0.95,833.625,207.83496458333332,625.7900354166667,174641.20293309347,-89483.29706690653,0.7339407561802626
1. Residencial anual,226,19,6,2045-06-01,0.95,912.0,212.92933958333333,699.0706604166667,157989.96925416667,-106134.53074583333,0.6639628882293199
2. Estudiantil x habitacion,226,19,6,2045-06-01,0.95,833.625,207.83496458333332,625.7900354166667,122229.72550416666,-141894.77449583332,0.5136781908138964
3. Turistico (Airbnb/Booking),226,19,6,2045-06-01,0.625,2760.7,1256.5383395833335,1504.1616604166666,323603.72857503645,59479.22857503645,1.3599652388108276
4. Mixto (curso+verano),226,19,6,2045-06-01,0.95,833.625,207.83496458333332,625.7900354166667,175266.99296851014,-88857.50703148986,0.7365706785816774
1. Residencial anual,227,19,7,2045-07-01,0.95,912.0,212.92933958333333,699.0706604166667,158689.03991458332,-105435.46008541668,0.6669007771152903
2. Estudiantil x habitacion,227,19,7,2045-07-01,0.3,263.25,170.76058958333334,92.48941041666667,122322.21491458334,-141802.28508541666,0.5140668834401485
3. Turistico (Airbnb/Booking),227,19,7,2045-07-01,0.6433012701892219,2841.5389065782156,1285.3193270313561,1556.2195795468597,325159.94815458334,61035.44815458334,1.366505350513063
4. Mixto (curso+verano),227,19,7,2045-07-01,0.6433012701892219,2841.5389065782156,1285.3193270313561,1556.2195795468597,176823.212548057,-87301.287451943,0.7431107902839126
1. Residencial anual,228,19,8,2045-08-01,0.95,912.0,212.92933958333333,699.0706604166667,159388.110575,-104736.389425,0.6698386660012607
2. Estudiantil x habitacion,228,19,8,2045-08-01,0.3,263.25,170.76058958333334,92.48941041666667,122414.704325,-141709.795675,0.5144555760664005
3. Turistico (Airbnb/Booking),228,19,8,2045-08-01,0.65,2871.128,1295.8538995833335,1575.274100416667,326735.222255,62610.72225499997,1.3731255400504307
4. Mixto (curso+verano),228,19,8,2045-08-01,0.65,2871.128,1295.8538995833335,1575.274100416667,178398.48664847368,-85726.01335152632,0.7497309798212805
1. Residencial anual,229,20,9,2045-09-01,0.95,912.0,212.92933958333333,699.0706604166667,160087.18123541668,-104037.31876458332,0.6727765548872312
2. Estudiantil x habitacion,229,20,9,2045-09-01,0.95,833.625,207.83496458333332,625.7900354166667,123040.49436041668,-141084.00563958334,0.5170854984678154
3. Turistico (Airbnb/Booking),229,20,9,2045-09-01,0.6433012701892219,2841.5389065782156,1285.3193270313561,1556.2195795468597,328291.44183454686,64166.94183454686,1.379665651752666
4. Mixto (curso+verano),229,20,9,2045-09-01,0.95,833.625,207.83496458333332,625.7900354166667,179024.27668389035,-85100.22331610965,0.7523609022226954
1. Residencial anual,230,20,10,2045-10-01,0.95,912.0,212.92933958333333,699.0706604166667,160786.25189583332,-103338.24810416668,0.6757144437732017
2. Estudiantil x habitacion,230,20,10,2045-10-01,0.95,833.625,207.83496458333332,625.7900354166667,123666.28439583334,-140458.21560416667,0.5197154208692303
3. Turistico (Airbnb/Booking),230,20,10,2045-10-01,0.625,2760.7,1256.5383395833335,1504.1616604166666,329795.60349496355,65671.10349496355,1.3859869867407588
4. Mixto (curso+verano),230,20,10,2045-10-01,0.95,833.625,207.83496458333332,625.7900354166667,179650.066719307,-84474.43328069299,0.7549908246241102
1. Residencial anual,231,20,11,2045-11-01,0.95,912.0,212.92933958333333,699.0706604166667,161485.32255625,-102639.17744375,0.6786523326591721
2. Estudiantil x habitacion,231,20,11,2045-11-01,0.95,833.625,207.83496458333332,625.7900354166667,124292.07443125,-139832.42556875,0.5223453432706451
3. Turistico (Airbnb/Booking),231,20,11,2045-11-01,0.6,2650.272,1217.2227795833332,1433.049220416667,331228.6527153802,67104.15271538019,1.3920094671795764
4. Mixto (curso+verano),231,20,11,2045-11-01,0.95,833.625,207.83496458333332,625.7900354166667,180275.85675472367,-83848.64324527633,0.757620747025525
1. Residencial anual,232,20,12,2045-12-01,0.95,912.0,212.92933958333333,699.0706604166667,162184.39321666668,-101940.10678333332,0.6815902215451426
2. Estudiantil x habitacion,232,20,12,2045-12-01,0.95,833.625,207.83496458333332,625.7900354166667,124917.86446666667,-139206.63553333335,0.52497526567206
3. Turistico (Airbnb/Booking),232,20,12,2045-12-01,0.575,2539.8439999999996,1177.9072195833332,1361.9367804166666,332590.5894957969,68466.08949579688,1.397733093069119
4. Mixto (curso+verano),232,20,12,2045-12-01,0.95,833.625,207.83496458333332,625.7900354166667,180901.64679014034,-83222.85320985966,0.7602506694269399
1. Residencial anual,233,20,1,2046-01-01,0.95,912.0,212.92933958333333,699.0706604166667,162883.46387708333,-101241.03612291667,0.684528110431113
2. Estudiantil x habitacion,233,20,1,2046-01-01,0.95,833.625,207.83496458333332,625.7900354166667,125543.65450208333,-138580.84549791669,0.5276051880734748
3. Turistico (Airbnb/Booking),233,20,1,2046-01-01,0.5566987298107781,2459.005093421784,1149.1262321353106,1309.8788612864735,333900.46835708333,69775.96835708333,1.4032379422445191
4. Mixto (curso+verano),233,20,1,2046-01-01,0.95,833.625,207.83496458333332,625.7900354166667,181527.436825557,-82597.063174443,0.7628805918283547
1. Residencial anual,234,20,2,2046-02-01,0.95,912.0,212.92933958333333,699.0706604166667,163582.5345375,-100541.9654625,0.6874659993170834
2. Estudiantil x habitacion,234,20,2,2046-02-01,0.95,833.625,207.83496458333332,625.7900354166667,126169.4445375,-137955.0554625,0.5302351104748897
3. Turistico (Airbnb/Booking),234,20,2,2046-02-01,0.5499999999999999,2429.4159999999997,1138.5916595833332,1290.8243404166667,335191.2926975,71066.79269749997,1.4086627135847867
4. Mixto (curso+verano),234,20,2,2046-02-01,0.95,833.625,207.83496458333332,625.7900354166667,182153.22686097366,-81971.27313902634,0.7655105142297696
1. Residencial anual,235,20,3,2046-03-01,0.95,912.0,212.92933958333333,699.0706604166667,164281.60519791668,-99842.89480208332,0.6904038882030539
2. Estudiantil x habitacion,235,20,3,2046-03-01,0.95,833.625,207.83496458333332,625.7900354166667,126795.23457291667,-137329.26542708333,0.5328650328763046
3. Turistico (Airbnb/Booking),235,20,3,2046-03-01,0.5566987298107781,2459.005093421784,1149.1262321353106,1309.8788612864735,336501.1715587865,72376.67155878647,1.4141675627601868
4. Mixto (curso+verano),235,20,3,2046-03-01,0.95,833.625,207.83496458333332,625.7900354166667,182779.01689639033,-81345.48310360967,0.7681404366311844
1. Residencial anual,236,20,4,2046-04-01,0.95,912.0,212.92933958333333,699.0706604166667,164980.67585833333,-99143.82414166667,0.6933417770890243
2. Estudiantil x habitacion,236,20,4,2046-04-01,0.95,833.625,207.83496458333332,625.7900354166667,127421.02460833333,-136703.47539166667,0.5354949552777194
3. Turistico (Airbnb/Booking),236,20,4,2046-04-01,0.575,2539.8439999999996,1177.9072195833332,1361.9367804166666,337863.1083392031,73738.60833920311,1.4198911886497294
4. Mixto (curso+verano),236,20,4,2046-04-01,0.95,833.625,207.83496458333332,625.7900354166667,183404.80693180702,-80719.69306819298,0.7707703590325994
1. Residencial anual,237,20,5,2046-05-01,0.95,912.0,212.92933958333333,699.0706604166667,165679.74651875,-98444.75348125,0.6962796659749948
2. Estudiantil x habitacion,237,20,5,2046-05-01,0.95,833.625,207.83496458333332,625.7900354166667,128046.81464375,-136077.68535625,0.5381248776791343
3. Turistico (Airbnb/Booking),237,20,5,2046-05-01,0.6,2650.272,1217.2227795833332,1433.049220416667,339296.1575596198,75171.65755961981,1.4259136690885472
4. Mixto (curso+verano),237,20,5,2046-05-01,0.95,833.625,207.83496458333332,625.7900354166667,184030.59696722368,-80093.90303277632,0.7734002814340142
1. Residencial anual,238,20,6,2046-06-01,0.95,912.0,212.92933958333333,699.0706604166667,166378.81717916665,-97745.68282083335,0.6992175548609652
2. Estudiantil x habitacion,238,20,6,2046-06-01,0.95,833.625,207.83496458333332,625.7900354166667,128672.60467916667,-135451.8953208333,0.5407548000805492
3. Turistico (Airbnb/Booking),238,20,6,2046-06-01,0.625,2760.7,1256.5383395833335,1504.1616604166666,340800.3192200365,76675.8192200365,1.43223500407664
4. Mixto (curso+verano),238,20,6,2046-06-01,0.95,833.625,207.83496458333332,625.7900354166667,184656.38700264035,-79468.11299735965,0.7760302038354291
1. Residencial anual,239,20,7,2046-07-01,0.95,912.0,212.92933958333333,699.0706604166667,167077.88783958333,-97046.61216041667,0.7021554437469356
2. Estudiantil x habitacion,239,20,7,2046-07-01,0.3,263.25,170.76058958333334,92.48941041666667,128765.09408958333,-135359.40591041668,0.5411434927068012
3. Turistico (Airbnb/Booking),239,20,7,2046-07-01,0.6433012701892219,2841.5389065782156,1285.3193270313561,1556.2195795468597,342356.53879958333,78232.03879958333,1.438775115778875
4. Mixto (curso+verano),239,20,7,2046-07-01,0.6433012701892219,2841.5389065782156,1285.3193270313561,1556.2195795468597,186212.6065821872,-77911.8934178128,0.7825703155376642
1. Residencial anual,240,20,8,2046-08-01,0.95,912.0,212.92933958333333,699.0706604166667,167776.9585,-96347.54149999999,0.7050933326329061
2. Estudiantil x habitacion,240,20,8,2046-08-01,0.3,263.25,170.76058958333334,92.48941041666667,128857.58350000001,-135266.9165,0.5415321853330533
3. Turistico (Airbnb/Booking),240,20,8,2046-08-01,0.65,2871.128,1295.8538995833335,1575.274100416667,343931.8129,79807.31290000002,1.445395305316243
4. Mixto (curso+verano),240,20,8,2046-08-01,0.65,2871.128,1295.8538995833335,1575.274100416667,187787.88068260386,-76336.61931739614,0.789190505075032
1. Residencial anual,241,21,9,2046-09-01,0.95,912.0,212.92933958333333,699.0706604166667,168476.02916041666,-95648.47083958334,0.7080312215188764
2. Estudiantil x habitacion,241,21,9,2046-09-01,0.95,833.625,207.83496458333332,625.7900354166667,129483.37353541667,-134641.12646458333,0.544162107734468
3. Turistico (Airbnb/Booking),241,21,9,2046-09-01,0.6433012701892219,2841.5389065782156,1285.3193270313561,1556.2195795468597,345488.03247954685,81363.53247954685,1.451935417018478
4. Mixto (curso+verano),241,21,9,2046-09-01,0.95,833.625,207.83496458333332,625.7900354166667,188413.67071802053,-75710.82928197947,0.7918204274764469
1. Residencial anual,242,21,10,2046-10-01,0.95,912.0,212.92933958333333,699.0706604166667,169175.09982083333,-94949.40017916667,0.710969110404847
2. Estudiantil x habitacion,242,21,10,2046-10-01,0.95,833.625,207.83496458333332,625.7900354166667,130109.16357083333,-134015.33642916667,0.5467920301358828
3. Turistico (Airbnb/Booking),242,21,10,2046-10-01,0.625,2760.7,1256.5383395833335,1504.1616604166666,346992.19413996354,82867.69413996354,1.4582567520065708
4. Mixto (curso+verano),242,21,10,2046-10-01,0.95,833.625,207.83496458333332,625.7900354166667,189039.4607534372,-75085.03924656281,0.7944503498778617
1. Residencial anual,243,21,11,2046-11-01,0.95,912.0,212.92933958333333,699.0706604166667,169874.17048125,-94250.32951874999,0.7139069992908175
2. Estudiantil x habitacion,243,21,11,2046-11-01,0.95,833.625,207.83496458333332,625.7900354166667,130734.95360625,-133389.54639375,0.5494219525372978
3. Turistico (Airbnb/Booking),243,21,11,2046-11-01,0.6,2650.272,1217.2227795833332,1433.049220416667,348425.2433603802,84300.74336038018,1.4642792324453884
4. Mixto (curso+verano),243,21,11,2046-11-01,0.95,833.625,207.83496458333332,625.7900354166667,189665.25078885388,-74459.24921114612,0.7970802722792767
1. Residencial anual,244,21,12,2046-12-01,0.95,912.0,212.92933958333333,699.0706604166667,170573.24114166666,-93551.25885833334,0.7168448881767878
2. Estudiantil x habitacion,244,21,12,2046-12-01,0.95,833.625,207.83496458333332,625.7900354166667,131360.74364166666,-132763.75635833334,0.5520518749387126
3. Turistico (Airbnb/Booking),244,21,12,2046-12-01,0.575,2539.8439999999996,1177.9072195833332,1361.9367804166666,349787.1801407969,85662.68014079687,1.4700028583349312
4. Mixto (curso+verano),244,21,12,2046-12-01,0.95,833.625,207.83496458333332,625.7900354166667,190291.04082427055,-73833.45917572945,0.7997101946806915
1. Residencial anual,245,21,1,2047-01-01,0.95,912.0,212.92933958333333,699.0706604166667,171272.31180208334,-92852.18819791666,0.7197827770627583
2. Estudiantil x habitacion,245,21,1,2047-01-01,0.95,833.625,207.83496458333332,625.7900354166667,131986.53367708332,-132137.96632291668,0.5546817973401275
3. Turistico (Airbnb/Booking),245,21,1,2047-01-01,0.5566987298107781,2459.005093421784,1149.1262321353106,1309.8788612864735,351097.0590020833,86972.55900208332,1.4755077075103313
4. Mixto (curso+verano),245,21,1,2047-01-01,0.95,833.625,207.83496458333332,625.7900354166667,190916.8308596872,-73207.66914031279,0.8023401170821064
1. Residencial anual,246,21,2,2047-02-01,0.95,912.0,212.92933958333333,699.0706604166667,171971.3824625,-92153.11753749999,0.7227206659487287
2. Estudiantil x habitacion,246,21,2,2047-02-01,0.95,833.625,207.83496458333332,625.7900354166667,132612.32371250002,-131512.17628749998,0.5573117197415424
3. Turistico (Airbnb/Booking),246,21,2,2047-02-01,0.5499999999999999,2429.4159999999997,1138.5916595833332,1290.8243404166667,352387.8833425,88263.38334250002,1.4809324788505989
4. Mixto (curso+verano),246,21,2,2047-02-01,0.95,833.625,207.83496458333332,625.7900354166667,191542.62089510387,-72581.87910489613,0.8049700394835212
1. Residencial anual,247,21,3,2047-03-01,0.95,912.0,212.92933958333333,699.0706604166667,172670.45312291666,-91454.04687708334,0.7256585548346991
2. Estudiantil x habitacion,247,21,3,2047-03-01,0.95,833.625,207.83496458333332,625.7900354166667,133238.11374791668,-130886.38625208332,0.5599416421429573
3. Turistico (Airbnb/Booking),247,21,3,2047-03-01,0.5566987298107781,2459.005093421784,1149.1262321353106,1309.8788612864735,353697.76220378646,89573.26220378646,1.486437328025999
4. Mixto (curso+verano),247,21,3,2047-03-01,0.95,833.625,207.83496458333332,625.7900354166667,192168.41093052053,-71956.08906947947,0.8075999618849361
1. Residencial anual,248,21,4,2047-04-01,0.95,912.0,212.92933958333333,699.0706604166667,173369.52378333334,-90754.97621666666,0.7285964437206697
2. Estudiantil x habitacion,248,21,4,2047-04-01,0.95,833.625,207.83496458333332,625.7900354166667,133863.90378333334,-130260.59621666666,0.5625715645443721
3. Turistico (Airbnb/Booking),248,21,4,2047-04-01,0.575,2539.8439999999996,1177.9072195833332,1361.9367804166666,355059.69898420316,90935.19898420316,1.4921609539155418
4. Mixto (curso+verano),248,21,4,2047-04-01,0.95,833.625,207.83496458333332,625.7900354166667,192794.2009659372,-71330.2990340628,0.8102298842863509
1. Residencial anual,249,21,5,2047-05-01,0.95,912.0,212.92933958333333,699.0706604166667,174068.59444375001,-90055.90555624999,0.7315343326066401
2. Estudiantil x habitacion,249,21,5,2047-05-01,0.95,833.625,207.83496458333332,625.7900354166667,134489.69381875,-129634.80618125,0.565201486945787
3. Turistico (Airbnb/Booking),249,21,5,2047-05-01,0.6,2650.272,1217.2227795833332,1433.049220416667,356492.7482046198,92368.2482046198,1.4981834343543594
4. Mixto (curso+verano),249,21,5,2047-05-01,0.95,833.625,207.83496458333332,625.7900354166667,193419.99100135386,-70704.50899864614,0.8128598066877658
1. Residencial anual,250,21,6,2047-06-01,0.95,912.0,212.92933958333333,699.0706604166667,174767.66510416666,-89356.83489583334,0.7344722214926105
2. Estudiantil x habitacion,250,21,6,2047-06-01,0.95,833.625,207.83496458333332,625.7900354166667,135115.48385416667,-129009.01614583333,0.5678314093472018
3. Turistico (Airbnb/Booking),250,21,6,2047-06-01,0.625,2760.7,1256.5383395833335,1504.1616604166666,357996.9098650365,93872.40986503649,1.5045047693424523
4. Mixto (curso+verano),250,21,6,2047-06-01,0.95,833.625,207.83496458333332,625.7900354166667,194045.78103677052,-70078.71896322948,0.8154897290891806
1. Residencial anual,251,21,7,2047-07-01,0.95,912.0,212.92933958333333,699.0706604166667,175466.73576458334,-88657.76423541666,0.737410110378581
2. Estudiantil x habitacion,251,21,7,2047-07-01,0.3,263.25,170.76058958333334,92.48941041666667,135207.97326458333,-128916.52673541667,0.5682201019734537
3. Turistico (Airbnb/Booking),251,21,7,2047-07-01,0.6433012701892219,2841.5389065782156,1285.3193270313561,1556.2195795468597,359553.1294445833,95428.62944458332,1.5110448810446873
4. Mixto (curso+verano),251,21,7,2047-07-01,0.6433012701892219,2841.5389065782156,1285.3193270313561,1556.2195795468597,195602.00061631738,-68522.49938368262,0.8220298407914157
1. Residencial anual,252,21,8,2047-08-01,0.95,912.0,212.92933958333333,699.0706604166667,176165.806425,-87958.69357500001,0.7403479992645513
2. Estudiantil x habitacion,252,21,8,2047-08-01,0.3,263.25,170.76058958333334,92.48941041666667,135300.46267500002,-128824.03732499998,0.5686087945997059
3. Turistico (Airbnb/Booking),252,21,8,2047-08-01,0.65,2871.128,1295.8538995833335,1575.274100416667,361128.403545,97003.90354500001,1.5176650705820551
4. Mixto (curso+verano),252,21,8,2047-08-01,0.65,2871.128,1295.8538995833335,1575.274100416667,197177.27471673407,-66947.22528326593,0.8286500303287837
1. Residencial anual,253,22,9,2047-09-01,0.95,912.0,212.92933958333333,699.0706604166667,176864.87708541667,-87259.62291458333,0.7432858881505218
2. Estudiantil x habitacion,253,22,9,2047-09-01,0.95,833.625,207.83496458333332,625.7900354166667,135926.25271041668,-128198.24728958332,0.5712387170011207
3. Turistico (Airbnb/Booking),253,22,9,2047-09-01,0.6433012701892219,2841.5389065782156,1285.3193270313561,1556.2195795468597,362684.62312454684,98560.12312454684,1.5242051822842901
4. Mixto (curso+verano),253,22,9,2047-09-01,0.95,833.625,207.83496458333332,625.7900354166667,197803.06475215073,-66321.43524784927,0.8312799527301985
1. Residencial anual,254,22,10,2047-10-01,0.95,912.0,212.92933958333333,699.0706604166667,177563.94774583334,-86560.55225416666,0.7462237770364923
2. Estudiantil x habitacion,254,22,10,2047-10-01,0.95,833.625,207.83496458333332,625.7900354166667,136552.04274583334,-127572.45725416666,0.5738686394025356
3. Turistico (Airbnb/Booking),254,22,10,2047-10-01,0.625,2760.7,1256.5383395833335,1504.1616604166666,364188.7847849635,100064.28478496353,1.530526517272383
4. Mixto (curso+verano),254,22,10,2047-10-01,0.95,833.625,207.83496458333332,625.7900354166667,198428.8547875674,-65695.6452124326,0.8339098751316133
1. Residencial anual,255,22,11,2047-11-01,0.95,912.0,212.92933958333333,699.0706604166667,178263.01840625,-85861.48159375001,0.7491616659224627
2. Estudiantil x habitacion,255,22,11,2047-11-01,0.95,833.625,207.83496458333332,625.7900354166667,137177.83278125,-126946.66721875,0.5764985618039504
3. Turistico (Airbnb/Booking),255,22,11,2047-11-01,0.6,2650.272,1217.2227795833332,1433.049220416667,365621.83400538017,101497.33400538017,1.5365489977112006
4. Mixto (curso+verano),255,22,11,2047-11-01,0.95,833.625,207.83496458333332,625.7900354166667,199054.64482298406,-65069.85517701594,0.8365397975330282
1. Residencial anual,256,22,12,2047-12-01,0.95,912.0,212.92933958333333,699.0706604166667,178962.08906666667,-85162.41093333333,0.7520995548084332
2. Estudiantil x habitacion,256,22,12,2047-12-01,0.95,833.625,207.83496458333332,625.7900354166667,137803.62281666667,-126320.87718333333,0.5791284842053653
3. Turistico (Airbnb/Booking),256,22,12,2047-12-01,0.575,2539.8439999999996,1177.9072195833332,1361.9367804166666,366983.77078579686,102859.27078579686,1.5422726236007434
4. Mixto (curso+verano),256,22,12,2047-12-01,0.95,833.625,207.83496458333332,625.7900354166667,199680.43485840072,-64444.065141599276,0.839169719934443
1. Residencial anual,257,22,1,2048-01-01,0.95,912.0,212.92933958333333,699.0706604166667,179661.15972708334,-84463.34027291666,0.7550374436944036
2. Estudiantil x habitacion,257,22,1,2048-01-01,0.95,833.625,207.83496458333332,625.7900354166667,138429.41285208333,-125695.08714791667,0.5817584066067801
3. Turistico (Airbnb/Booking),257,22,1,2048-01-01,0.5566987298107781,2459.005093421784,1149.1262321353106,1309.8788612864735,368293.6496470833,104169.14964708331,1.5477774727761433
4. Mixto (curso+verano),257,22,1,2048-01-01,0.95,833.625,207.83496458333332,625.7900354166667,200306.2248938174,-63818.27510618261,0.8417996423358579
1. Residencial anual,258,22,2,2048-02-01,0.95,912.0,212.92933958333333,699.0706604166667,180360.2303875,-83764.26961250001,0.757975332580374
2. Estudiantil x habitacion,258,22,2,2048-02-01,0.95,833.625,207.83496458333332,625.7900354166667,139055.2028875,-125069.2971125,0.5843883290081949
3. Turistico (Airbnb/Booking),258,22,2,2048-02-01,0.5499999999999999,2429.4159999999997,1138.5916595833332,1290.8243404166667,369584.4739875,105459.97398750001,1.553202244116411
4. Mixto (curso+verano),258,22,2,2048-02-01,0.95,833.625,207.83496458333332,625.7900354166667,200932.01492923405,-63192.48507076595,0.8444295647372727
1. Residencial anual,259,22,3,2048-03-01,0.95,912.0,212.92933958333333,699.0706604166667,181059.30104791667,-83065.19895208333,0.7609132214663444
2. Estudiantil x habitacion,259,22,3,2048-03-01,0.95,833.625,207.83496458333332,625.7900354166667,139680.99292291666,-124443.50707708334,0.5870182514096098
3. Turistico (Airbnb/Booking),259,22,3,2048-03-01,0.5566987298107781,2459.005093421784,1149.1262321353106,1309.8788612864735,370894.35284878645,106769.85284878645,1.558707093291811
4. Mixto (curso+verano),259,22,3,2048-03-01,0.95,833.625,207.83496458333332,625.7900354166667,201557.80496465074,-62566.69503534926,0.8470594871386877
1. Residencial anual,260,22,4,2048-04-01,0.95,912.0,212.92933958333333,699.0706604166667,181758.37170833335,-82366.12829166665,0.763851110352315
2. Estudiantil x habitacion,260,22,4,2048-04-01,0.95,833.625,207.83496458333332,625.7900354166667,140306.78295833332,-123817.71704166668,0.5896481738110246
3. Turistico (Airbnb/Booking),260,22,4,2048-04-01,0.575,2539.8439999999996,1177.9072195833332,1361.9367804166666,372256.28962920315,108131.78962920315,1.5644307191813538
4. Mixto (curso+verano),260,22,4,2048-04-01,0.95,833.625,207.83496458333332,625.7900354166667,202183.5950000674,-61940.904999932594,0.8496894095401025
1. Residencial anual,261,22,5,2048-05-01,0.95,912.0,212.92933958333333,699.0706604166667,182457.44236875,-81667.05763125,0.7667889992382854
2. Estudiantil x habitacion,261,22,5,2048-05-01,0.95,833.625,207.83496458333332,625.7900354166667,140932.57299375001,-123191.92700624999,0.5922780962124397
3. Turistico (Airbnb/Booking),261,22,5,2048-05-01,0.6,2650.272,1217.2227795833332,1433.049220416667,373689.3388496198,109564.83884961979,1.5704531996201714
4. Mixto (curso+verano),261,22,5,2048-05-01,0.95,833.625,207.83496458333332,625.7900354166667,202809.38503548407,-61315.11496451593,0.8523193319415174
1. Residencial anual,262,22,6,2048-06-01,0.95,912.0,212.92933958333333,699.0706604166667,183156.51302916667,-80967.98697083333,0.7697268881242558
2. Estudiantil x habitacion,262,22,6,2048-06-01,0.95,833.625,207.83496458333332,625.7900354166667,141558.36302916668,-122566.13697083332,0.5949080186138545
3. Turistico (Airbnb/Booking),262,22,6,2048-06-01,0.625,2760.7,1256.5383395833335,1504.1616604166666,375193.5005100365,111069.00051003648,1.5767745346082642
4. Mixto (curso+verano),262,22,6,2048-06-01,0.95,833.625,207.83496458333332,625.7900354166667,203435.17507090073,-60689.32492909927,0.8549492543429322
1. Residencial anual,263,22,7,2048-07-01,0.95,912.0,212.92933958333333,699.0706604166667,183855.58368958332,-80268.91631041668,0.7726647770102262
2. Estudiantil x habitacion,263,22,7,2048-07-01,0.3,263.25,170.76058958333334,92.48941041666667,141650.85243958334,-122473.64756041666,0.5952967112401065
3. Turistico (Airbnb/Booking),263,22,7,2048-07-01,0.6433012701892219,2841.5389065782156,1285.3193270313561,1556.2195795468597,376749.7200895833,112625.22008958331,1.5833146463104992
4. Mixto (curso+verano),263,22,7,2048-07-01,0.6433012701892219,2841.5389065782156,1285.3193270313561,1556.2195795468597,204991.3946504476,-59133.10534955241,0.8614893660451675
1. Residencial anual,264,22,8,2048-08-01,0.95,912.0,212.92933958333333,699.0706604166667,184554.65435,-79569.84565,0.7756026658961966
2. Estudiantil x habitacion,264,22,8,2048-08-01,0.3,263.25,170.76058958333334,92.48941041666667,141743.34185,-122381.15815,0.5956854038663585
3. Turistico (Airbnb/Booking),264,22,8,2048-08-01,0.65,2871.128,1295.8538995833335,1575.274100416667,378324.99419,114200.49419,1.589934835847867
4. Mixto (curso+verano),264,22,8,2048-08-01,0.65,2871.128,1295.8538995833335,1575.274100416667,206566.66875086425,-57557.83124913575,0.8681095555825352
1. Residencial anual,265,23,9,2048-09-01,0.95,912.0,212.92933958333333,699.0706604166667,185253.72501041667,-78870.77498958333,0.7785405547821671
2. Estudiantil x habitacion,265,23,9,2048-09-01,0.95,833.625,207.83496458333332,625.7900354166667,142369.13188541666,-121755.36811458334,0.5983153262677733
3. Turistico (Airbnb/Booking),265,23,9,2048-09-01,0.6433012701892219,2841.5389065782156,1285.3193270313561,1556.2195795468597,379881.2137695469,115756.71376954688,1.5964749475501026
4. Mixto (curso+verano),265,23,9,2048-09-01,0.95,833.625,207.83496458333332,625.7900354166667,207192.4587862809,-56932.04121371909,0.87073947798395
1. Residencial anual,266,23,10,2048-10-01,0.95,912.0,212.92933958333333,699.0706604166667,185952.79567083332,-78171.70432916668,0.7814784436681376
2. Estudiantil x habitacion,266,23,10,2048-10-01,0.95,833.625,207.83496458333332,625.7900354166667,142994.92192083332,-121129.57807916668,0.6009452486691882
3. Turistico (Airbnb/Booking),266,23,10,2048-10-01,0.625,2760.7,1256.5383395833335,1504.1616604166666,381385.3754299635,117260.87542996352,1.6027962825381952
4. Mixto (curso+verano),266,23,10,2048-10-01,0.95,833.625,207.83496458333332,625.7900354166667,207818.24882169758,-56306.251178302424,0.8733694003853649
1. Residencial anual,267,23,11,2048-11-01,0.95,912.0,212.92933958333333,699.0706604166667,186651.86633125,-77472.63366875,0.784416332554108
2. Estudiantil x habitacion,267,23,11,2048-11-01,0.95,833.625,207.83496458333332,625.7900354166667,143620.71195625002,-120503.78804374998,0.6035751710706031
3. Turistico (Airbnb/Booking),267,23,11,2048-11-01,0.6,2650.272,1217.2227795833332,1433.049220416667,382818.4246503802,118693.92465038021,1.608818762977013
4. Mixto (curso+verano),267,23,11,2048-11-01,0.95,833.625,207.83496458333332,625.7900354166667,208444.03885711427,-55680.46114288573,0.8759993227867798
1. Residencial anual,268,23,12,2048-12-01,0.95,912.0,212.92933958333333,699.0706604166667,187350.93699166668,-76773.56300833332,0.7873542214400785
2. Estudiantil x habitacion,268,23,12,2048-12-01,0.95,833.625,207.83496458333332,625.7900354166667,144246.50199166668,-119877.99800833332,0.606205093472018
3. Turistico (Airbnb/Booking),268,23,12,2048-12-01,0.575,2539.8439999999996,1177.9072195833332,1361.9367804166666,384180.36143079685,120055.86143079685,1.6145423888665553
4. Mixto (curso+verano),268,23,12,2048-12-01,0.95,833.625,207.83496458333332,625.7900354166667,209069.82889253093,-55054.67110746907,0.8786292451881947
1. Residencial anual,269,23,1,2049-01-01,0.95,912.0,212.92933958333333,699.0706604166667,188050.00765208332,-76074.49234791668,0.7902921103260488
2. Estudiantil x habitacion,269,23,1,2049-01-01,0.95,833.625,207.83496458333332,625.7900354166667,144872.29202708334,-119252.20797291666,0.6088350158734328
3. Turistico (Airbnb/Booking),269,23,1,2049-01-01,0.5566987298107781,2459.005093421784,1149.1262321353106,1309.8788612864735,385490.24029208336,121365.74029208336,1.6200472380419557
4. Mixto (curso+verano),269,23,1,2049-01-01,0.95,833.625,207.83496458333332,625.7900354166667,209695.6189279476,-54428.881072052405,0.8812591675896095
1. Residencial anual,270,23,2,2049-02-01,0.95,912.0,212.92933958333333,699.0706604166667,188749.0783125,-75375.4216875,0.7932299992120193
2. Estudiantil x habitacion,270,23,2,2049-02-01,0.95,833.625,207.83496458333332,625.7900354166667,145498.0820625,-118626.4179375,0.6114649382748477
3. Turistico (Airbnb/Booking),270,23,2,2049-02-01,0.5499999999999999,2429.4159999999997,1138.5916595833332,1290.8243404166667,386781.0646325,122656.5646325,1.6254720093822232
4. Mixto (curso+verano),270,23,2,2049-02-01,0.95,833.625,207.83496458333332,625.7900354166667,210321.40896336426,-53803.09103663574,0.8838890899910244
1. Residencial anual,271,23,3,2049-03-01,0.95,912.0,212.92933958333333,699.0706604166667,189448.14897291668,-74676.35102708332,0.7961678880979898
2. Estudiantil x habitacion,271,23,3,2049-03-01,0.95,833.625,207.83496458333332,625.7900354166667,146123.87209791667,-118000.62790208333,0.6140948606762625
3. Turistico (Airbnb/Booking),271,23,3,2049-03-01,0.5566987298107781,2459.005093421784,1149.1262321353106,1309.8788612864735,388090.9434937865,123966.4434937865,1.6309768585576234
4. Mixto (curso+verano),271,23,3,2049-03-01,0.95,833.625,207.83496458333332,625.7900354166667,210947.19899878092,-53177.30100121908,0.8865190123924392
1. Residencial anual,272,23,4,2049-04-01,0.95,912.0,212.92933958333333,699.0706604166667,190147.21963333333,-73977.28036666667,0.7991057769839602
2. Estudiantil x habitacion,272,23,4,2049-04-01,0.95,833.625,207.83496458333332,625.7900354166667,146749.66213333333,-117374.83786666667,0.6167247830776774
3. Turistico (Airbnb/Booking),272,23,4,2049-04-01,0.575,2539.8439999999996,1177.9072195833332,1361.9367804166666,389452.88027420314,125328.38027420314,1.636700484447166
4. Mixto (curso+verano),272,23,4,2049-04-01,0.95,833.625,207.83496458333332,625.7900354166667,211572.98903419758,-52551.510965802416,0.8891489347938542
1. Residencial anual,273,23,5,2049-05-01,0.95,912.0,212.92933958333333,699.0706604166667,190846.29029375,-73278.20970625,0.8020436658699307
2. Estudiantil x habitacion,273,23,5,2049-05-01,0.95,833.625,207.83496458333332,625.7900354166667,147375.45216875,-116749.04783125,0.6193547054790922
3. Turistico (Airbnb/Booking),273,23,5,2049-05-01,0.6,2650.272,1217.2227795833332,1433.049220416667,390885.92949461984,126761.42949461984,1.6427229648859838
4. Mixto (curso+verano),273,23,5,2049-05-01,0.95,833.625,207.83496458333332,625.7900354166667,212198.77906961425,-51925.72093038575,0.891778857195269
1. Residencial anual,274,23,6,2049-06-01,0.95,912.0,212.92933958333333,699.0706604166667,191545.36095416668,-72579.13904583332,0.8049815547559012
2. Estudiantil x habitacion,274,23,6,2049-06-01,0.95,833.625,207.83496458333332,625.7900354166667,148001.24220416666,-116123.25779583334,0.6219846278805071
3. Turistico (Airbnb/Booking),274,23,6,2049-06-01,0.625,2760.7,1256.5383395833335,1504.1616604166666,392390.09115503647,128265.59115503647,1.6490442998740764
4. Mixto (curso+verano),274,23,6,2049-06-01,0.95,833.625,207.83496458333332,625.7900354166667,212824.5691050309,-51299.93089496909,0.8944087795966839
1. Residencial anual,275,23,7,2049-07-01,0.95,912.0,212.92933958333333,699.0706604166667,192244.43161458333,-71880.06838541667,0.8079194436418715
2. Estudiantil x habitacion,275,23,7,2049-07-01,0.3,263.25,170.76058958333334,92.48941041666667,148093.73161458335,-116030.76838541665,0.6223733205067592
3. Turistico (Airbnb/Booking),275,23,7,2049-07-01,0.6433012701892219,2841.5389065782156,1285.3193270313561,1556.2195795468597,393946.31073458336,129821.81073458336,1.6555844115763116
4. Mixto (curso+verano),275,23,7,2049-07-01,0.6433012701892219,2841.5389065782156,1285.3193270313561,1556.2195795468597,214380.78868457777,-49743.71131542223,0.900948891298919
1. Residencial anual,276,23,8,2049-08-01,0.95,912.0,212.92933958333333,699.0706604166667,192943.502275,-71180.997725,0.810857332527842
2. Estudiantil x habitacion,276,23,8,2049-08-01,0.3,263.25,170.76058958333334,92.48941041666667,148186.221025,-115938.278975,0.6227620131330112
3. Turistico (Airbnb/Booking),276,23,8,2049-08-01,0.65,2871.128,1295.8538995833335,1575.274100416667,395521.584835,131397.084835,1.6622046011136793
4. Mixto (curso+verano),276,23,8,2049-08-01,0.65,2871.128,1295.8538995833335,1575.274100416667,215956.06278499446,-48168.43721500554,0.9075690808362868
1. Residencial anual,277,24,9,2049-09-01,0.95,912.0,212.92933958333333,699.0706604166667,193642.57293541665,-70481.92706458335,0.8137952214138123
2. Estudiantil x habitacion,277,24,9,2049-09-01,0.95,833.625,207.83496458333332,625.7900354166667,148812.01106041667,-115312.48893958333,0.625391935534426
3. Turistico (Airbnb/Booking),277,24,9,2049-09-01,0.6433012701892219,2841.5389065782156,1285.3193270313561,1556.2195795468597,397077.8044145469,132953.30441454687,1.6687447128159145
4. Mixto (curso+verano),277,24,9,2049-09-01,0.95,833.625,207.83496458333332,625.7900354166667,216581.85282041112,-47542.64717958888,0.9101990032377018
1. Residencial anual,278,24,10,2049-10-01,0.95,912.0,212.92933958333333,699.0706604166667,194341.64359583333,-69782.85640416667,0.8167331102997829
2. Estudiantil x habitacion,278,24,10,2049-10-01,0.95,833.625,207.83496458333332,625.7900354166667,149437.80109583333,-114686.69890416667,0.6280218579358409
3. Turistico (Airbnb/Booking),278,24,10,2049-10-01,0.625,2760.7,1256.5383395833335,1504.1616604166666,398581.9660749635,134457.4660749635,1.6750660478040071
4. Mixto (curso+verano),278,24,10,2049-10-01,0.95,833.625,207.83496458333332,625.7900354166667,217207.64285582778,-46916.857144172216,0.9128289256391166
1. Residencial anual,279,24,11,2049-11-01,0.95,912.0,212.92933958333333,699.0706604166667,195040.71425625,-69083.78574374999,0.8196709991857534
2. Estudiantil x habitacion,279,24,11,2049-11-01,0.95,833.625,207.83496458333332,625.7900354166667,150063.59113125,-114060.90886875,0.6306517803372557
3. Turistico (Airbnb/Booking),279,24,11,2049-11-01,0.6,2650.272,1217.2227795833332,1433.049220416667,400015.0152953802,135890.5152953802,1.681088528242825
4. Mixto (curso+verano),279,24,11,2049-11-01,0.95,833.625,207.83496458333332,625.7900354166667,217833.43289124445,-46291.06710875555,0.9154588480405313
1. Residencial anual,280,24,12,2049-12-01,0.95,912.0,212.92933958333333,699.0706604166667,195739.78491666666,-68384.71508333334,0.8226088880717237
2. Estudiantil x habitacion,280,24,12,2049-12-01,0.95,833.625,207.83496458333332,625.7900354166667,150689.38116666666,-113435.11883333334,0.6332817027386706
3. Turistico (Airbnb/Booking),280,24,12,2049-12-01,0.575,2539.8439999999996,1177.9072195833332,1361.9367804166666,401376.95207579684,137252.45207579684,1.6868121541323675
4. Mixto (curso+verano),280,24,12,2049-12-01,0.95,833.625,207.83496458333332,625.7900354166667,218459.2229266611,-45665.27707333889,0.9180887704419463
1. Residencial anual,281,24,1,2050-01-01,0.95,912.0,212.92933958333333,699.0706604166667,196438.85557708333,-67685.64442291667,0.8255467769576942
2. Estudiantil x habitacion,281,24,1,2050-01-01,0.95,833.625,207.83496458333332,625.7900354166667,151315.17120208335,-112809.32879791665,0.6359116251400855
3. Turistico (Airbnb/Booking),281,24,1,2050-01-01,0.5566987298107781,2459.005093421784,1149.1262321353106,1309.8788612864735,402686.83093708334,138562.33093708334,1.6923170033077677
4. Mixto (curso+verano),281,24,1,2050-01-01,0.95,833.625,207.83496458333332,625.7900354166667,219085.01296207777,-45039.48703792223,0.920718692843361
1. Residencial anual,282,24,2,2050-02-01,0.95,912.0,212.92933958333333,699.0706604166667,197137.9262375,-66986.57376249999,0.8284846658436646
2. Estudiantil x habitacion,282,24,2,2050-02-01,0.95,833.625,207.83496458333332,625.7900354166667,151940.9612375,-112183.53876249999,0.6385415475415004
3. Turistico (Airbnb/Booking),282,24,2,2050-02-01,0.5499999999999999,2429.4159999999997,1138.5916595833332,1290.8243404166667,403977.6552775,139853.1552775,1.6977417746480352
4. Mixto (curso+verano),282,24,2,2050-02-01,0.95,833.625,207.83496458333332,625.7900354166667,219710.80299749444,-44413.69700250556,0.923348615244776
1. Residencial anual,283,24,3,2050-03-01,0.95,912.0,212.92933958333333,699.0706604166667,197836.99689791666,-66287.50310208334,0.831422554729635
2. Estudiantil x habitacion,283,24,3,2050-03-01,0.95,833.625,207.83496458333332,625.7900354166667,152566.75127291668,-111557.74872708332,0.6411714699429152
3. Turistico (Airbnb/Booking),283,24,3,2050-03-01,0.5566987298107781,2459.005093421784,1149.1262321353106,1309.8788612864735,405287.5341387865,141163.0341387865,1.7032466238234356
4. Mixto (curso+verano),283,24,3,2050-03-01,0.95,833.625,207.83496458333332,625.7900354166667,220336.59303291113,-43787.90696708887,0.9259785376461909
1. Residencial anual,284,24,4,2050-04-01,0.95,912.0,212.92933958333333,699.0706604166667,198536.06755833334,-65588.43244166666,0.8343604436156056
2. Estudiantil x habitacion,284,24,4,2050-04-01,0.95,833.625,207.83496458333332,625.7900354166667,153192.54130833334,-110931.95869166666,0.6438013923443301
3. Turistico (Airbnb/Booking),284,24,4,2050-04-01,0.575,2539.8439999999996,1177.9072195833332,1361.9367804166666,406649.47091920313,142524.97091920313,1.708970249712978
4. Mixto (curso+verano),284,24,4,2050-04-01,0.95,833.625,207.83496458333332,625.7900354166667,220962.3830683278,-43162.11693167221,0.9286084600476058
1. Residencial anual,285,24,5,2050-05-01,0.95,912.0,212.92933958333333,699.0706604166667,199235.13821875,-64889.36178124999,0.837298332501576
2. Estudiantil x habitacion,285,24,5,2050-05-01,0.95,833.625,207.83496458333332,625.7900354166667,153818.33134375,-110306.16865625,0.6464313147457449
3. Turistico (Airbnb/Booking),285,24,5,2050-05-01,0.6,2650.272,1217.2227795833332,1433.049220416667,408082.5201396198,143958.02013961982,1.7149927301517958
4. Mixto (curso+verano),285,24,5,2050-05-01,0.95,833.625,207.83496458333332,625.7900354166667,221588.17310374446,-42536.326896255545,0.9312383824490206
1. Residencial anual,286,24,6,2050-06-01,0.95,912.0,212.92933958333333,699.0706604166667,199934.20887916666,-64190.29112083334,0.8402362213875464
2. Estudiantil x habitacion,286,24,6,2050-06-01,0.95,833.625,207.83496458333332,625.7900354166667,154444.12137916667,-109680.37862083333,0.6490612371471598
3. Turistico (Airbnb/Booking),286,24,6,2050-06-01,0.625,2760.7,1256.5383395833335,1504.1616604166666,409586.68180003646,145462.18180003646,1.7213140651398884
4. Mixto (curso+verano),286,24,6,2050-06-01,0.95,833.625,207.83496458333332,625.7900354166667,222213.96313916112,-41910.53686083888,0.9338683048504355
1. Residencial anual,287,24,7,2050-07-01,0.95,912.0,212.92933958333333,699.0706604166667,200633.27953958334,-63491.22046041666,0.8431741102735169
2. Estudiantil x habitacion,287,24,7,2050-07-01,0.3,263.25,170.76058958333334,92.48941041666667,154536.61078958333,-109587.88921041667,0.6494499297734118
3. Turistico (Airbnb/Booking),287,24,7,2050-07-01,0.6433012701892219,2841.5389065782156,1285.3193270313561,1556.2195795468597,411142.90137958335,147018.40137958335,1.7278541768421238
4. Mixto (curso+verano),287,24,7,2050-07-01,0.6433012701892219,2841.5389065782156,1285.3193270313561,1556.2195795468597,223770.18271870798,-40354.317281292024,0.9404084165526706
1. Residencial anual,288,24,8,2050-08-01,0.95,912.0,212.92933958333333,699.0706604166667,201332.3502,-62792.149800000014,0.8461119991594872
2. Estudiantil x habitacion,288,24,8,2050-08-01,0.3,263.25,170.76058958333334,92.48941041666667,154629.10020000002,-109495.39979999998,0.6498386223996638
3. Turistico (Airbnb/Booking),288,24,8,2050-08-01,0.65,2871.128,1295.8538995833335,1575.274100416667,412718.17548,148593.67547999998,1.7344743663794915
4. Mixto (curso+verano),288,24,8,2050-08-01,0.65,2871.128,1295.8538995833335,1575.274100416667,225345.45681912464,-38779.043180875364,0.9470286060900384
1. Residencial anual,289,25,9,2050-09-01,0.95,912.0,212.92933958333333,699.0706604166667,202031.42086041666,-62093.07913958334,0.8490498880454577
2. Estudiantil x habitacion,289,25,9,2050-09-01,0.95,833.625,207.83496458333332,625.7900354166667,155254.89023541668,-108869.60976458332,0.6524685448010787
3. Turistico (Airbnb/Booking),289,25,9,2050-09-01,0.6433012701892219,2841.5389065782156,1285.3193270313561,1556.2195795468597,414274.39505954686,150149.89505954686,1.7410144780817267
4. Mixto (curso+verano),289,25,9,2050-09-01,0.95,833.625,207.83496458333332,625.7900354166667,225971.2468545413,-38153.2531454587,0.9496585284914533
1. Residencial anual,290,25,10,2050-10-01,0.95,912.0,212.92933958333333,699.0706604166667,202730.49152083334,-61394.00847916666,0.8519877769314282
2. Estudiantil x habitacion,290,25,10,2050-10-01,0.95,833.625,207.83496458333332,625.7900354166667,155880.68027083334,-108243.81972916666,0.6550984672024935
3. Turistico (Airbnb/Booking),290,25,10,2050-10-01,0.625,2760.7,1256.5383395833335,1504.1616604166666,415778.55671996356,151654.05671996356,1.7473358130698196
4. Mixto (curso+verano),290,25,10,2050-10-01,0.95,833.625,207.83496458333332,625.7900354166667,226597.03688995796,-37527.46311004204,0.9522884508928681
1. Residencial anual,291,25,11,2050-11-01,0.95,912.0,212.92933958333333,699.0706604166667,203429.56218125,-60694.93781875001,0.8549256658173986
2. Estudiantil x habitacion,291,25,11,2050-11-01,0.95,833.625,207.83496458333332,625.7900354166667,156506.47030625,-107618.02969375,0.6577283896039084
3. Turistico (Airbnb/Booking),291,25,11,2050-11-01,0.6,2650.272,1217.2227795833332,1433.049220416667,417211.6059403802,153087.1059403802,1.7533582935086371
4. Mixto (curso+verano),291,25,11,2050-11-01,0.95,833.625,207.83496458333332,625.7900354166667,227222.82692537465,-36901.673074625345,0.9549183732942831
1. Residencial anual,292,25,12,2050-12-01,0.95,912.0,212.92933958333333,699.0706604166667,204128.63284166667,-59995.867158333334,0.8578635547033691
2. Estudiantil x habitacion,292,25,12,2050-12-01,0.95,833.625,207.83496458333332,625.7900354166667,157132.26034166667,-106992.23965833333,0.6603583120053232
3. Turistico (Airbnb/Booking),292,25,12,2050-12-01,0.575,2539.8439999999996,1177.9072195833332,1361.9367804166666,418573.54272079683,154449.04272079683,1.7590819193981795
4. Mixto (curso+verano),292,25,12,2050-12-01,0.95,833.625,207.83496458333332,625.7900354166667,227848.61696079132,-36275.88303920868,0.9575482956956979
1. Residencial anual,293,25,1,2051-01-01,0.95,912.0,212.92933958333333,699.0706604166667,204827.70350208334,-59296.79649791666,0.8608014435893395
2. Estudiantil x habitacion,293,25,1,2051-01-01,0.95,833.625,207.83496458333332,625.7900354166667,157758.05037708333,-106366.44962291667,0.6629882344067382
3. Turistico (Airbnb/Booking),293,25,1,2051-01-01,0.5566987298107781,2459.005093421784,1149.1262321353106,1309.8788612864735,419883.42158208333,155758.92158208333,1.7645867685735799
4. Mixto (curso+verano),293,25,1,2051-01-01,0.95,833.625,207.83496458333332,625.7900354166667,228474.40699620798,-35650.09300379202,0.9601782180971128
1. Residencial anual,294,25,2,2051-02-01,0.95,912.0,212.92933958333333,699.0706604166667,205526.7741625,-58597.72583750001,0.8637393324753099
2. Estudiantil x habitacion,294,25,2,2051-02-01,0.95,833.625,207.83496458333332,625.7900354166667,158383.8404125,-105740.6595875,0.665618156808153
3. Turistico (Airbnb/Booking),294,25,2,2051-02-01,0.5499999999999999,2429.4159999999997,1138.5916595833332,1290.8243404166667,421174.2459225,157049.74592249998,1.7700115399138474
4. Mixto (curso+verano),294,25,2,2051-02-01,0.95,833.625,207.83496458333332,625.7900354166667,229100.19703162464,-35024.302968375356,0.9628081404985276
1. Residencial anual,295,25,3,2051-03-01,0.95,912.0,212.92933958333333,699.0706604166667,206225.84482291667,-57898.65517708333,0.8666772213612803
2. Estudiantil x habitacion,295,25,3,2051-03-01,0.95,833.625,207.83496458333332,625.7900354166667,159009.63044791666,-105114.86955208334,0.6682480792095677
3. Turistico (Airbnb/Booking),295,25,3,2051-03-01,0.5566987298107781,2459.005093421784,1149.1262321353106,1309.8788612864735,422484.1247837865,158359.62478378648,1.7755163890892476
4. Mixto (curso+verano),295,25,3,2051-03-01,0.95,833.625,207.83496458333332,625.7900354166667,229725.9870670413,-34398.51293295869,0.9654380628999425
1. Residencial anual,296,25,4,2051-04-01,0.95,912.0,212.92933958333333,699.0706604166667,206924.91548333335,-57199.584516666655,0.8696151102472509
2. Estudiantil x habitacion,296,25,4,2051-04-01,0.95,833.625,207.83496458333332,625.7900354166667,159635.42048333335,-104489.07951666665,0.6708780016109828
3. Turistico (Airbnb/Booking),296,25,4,2051-04-01,0.575,2539.8439999999996,1177.9072195833332,1361.9367804166666,423846.0615642031,159721.56156420312,1.7812400149787901
4. Mixto (curso+verano),296,25,4,2051-04-01,0.95,833.625,207.83496458333332,625.7900354166667,230351.77710245797,-33772.72289754203,0.9680679853013573
1. Residencial anual,297,25,5,2051-05-01,0.95,912.0,212.92933958333333,699.0706604166667,207623.98614375,-56500.51385625001,0.8725529991332213
2. Estudiantil x habitacion,297,25,5,2051-05-01,0.95,833.625,207.83496458333332,625.7900354166667,160261.21051875,-103863.28948124999,0.6735079240123976
3. Turistico (Airbnb/Booking),297,25,5,2051-05-01,0.6,2650.272,1217.2227795833332,1433.049220416667,425279.1107846198,161154.6107846198,1.787262495417608
4. Mixto (curso+verano),297,25,5,2051-05-01,0.95,833.625,207.83496458333332,625.7900354166667,230977.56713787463,-33146.932862125366,0.9706979077027722
1. Residencial anual,298,25,6,2051-06-01,0.95,912.0,212.92933958333333,699.0706604166667,208323.05680416667,-55801.44319583333,0.8754908880191917
2. Estudiantil x habitacion,298,25,6,2051-06-01,0.95,833.625,207.83496458333332,625.7900354166667,160887.00055416668,-103237.49944583332,0.6761378464138125
3. Turistico (Airbnb/Booking),298,25,6,2051-06-01,0.625,2760.7,1256.5383395833335,1504.1616604166666,426783.27244503645,162658.77244503645,1.7935838304057006
4. Mixto (curso+verano),298,25,6,2051-06-01,0.95,833.625,207.83496458333332,625.7900354166667,231603.3571732913,-32521.142826708703,0.973327830104187
1. Residencial anual,299,25,7,2051-07-01,0.95,912.0,212.92933958333333,699.0706604166667,209022.12746458335,-55102.37253541665,0.8784287769051622
2. Estudiantil x habitacion,299,25,7,2051-07-01,0.3,263.25,170.76058958333334,92.48941041666667,160979.48996458334,-103145.01003541666,0.6765265390400644
3. Turistico (Airbnb/Booking),299,25,7,2051-07-01,0.6433012701892219,2841.5389065782156,1285.3193270313561,1556.2195795468597,428339.49202458333,164214.99202458333,1.8001239421079358
4. Mixto (curso+verano),299,25,7,2051-07-01,0.6433012701892219,2841.5389065782156,1285.3193270313561,1556.2195795468597,233159.57675283815,-30964.923247161845,0.9798679418064221
1. Residencial anual,300,25,8,2051-08-01,0.95,912.0,212.92933958333333,699.0706604166667,209721.198125,-54403.301875000005,0.8813666657911325
2. Estudiantil x habitacion,300,25,8,2051-08-01,0.3,263.25,170.76058958333334,92.48941041666667,161071.979375,-103052.520625,0.6769152316663164
3. Turistico (Airbnb/Booking),300,25,8,2051-08-01,0.65,2871.128,1295.8538995833335,1575.274100416667,429914.766125,165790.26612500002,1.8067441316453037
4. Mixto (curso+verano),300,25,8,2051-08-01,0.65,2871.128,1295.8538995833335,1575.274100416667,234734.85085325484,-29389.649146745156,0.9864881313437901
1. Residencial anual,301,26,9,2051-09-01,0.95,912.0,212.92933958333333,699.0706604166667,210420.26878541667,-53704.23121458333,0.884304554677103
2. Estudiantil x habitacion,301,26,9,2051-09-01,0.95,833.625,207.83496458333332,625.7900354166667,161697.76941041666,-102426.73058958334,0.6795451540677313
3. Turistico (Airbnb/Booking),301,26,9,2051-09-01,0.6433012701892219,2841.5389065782156,1285.3193270313561,1556.2195795468597,431470.98570454685,167346.48570454685,1.8132842433475387
4. Mixto (curso+verano),301,26,9,2051-09-01,0.95,833.625,207.83496458333332,625.7900354166667,235360.6408886715,-28763.859111328493,0.9891180537452049
1. Residencial anual,302,26,10,2051-10-01,0.95,912.0,212.92933958333333,699.0706604166667,211119.33944583332,-53005.16055416668,0.8872424435630735
2. Estudiantil x habitacion,302,26,10,2051-10-01,0.95,833.625,207.83496458333332,625.7900354166667,162323.55944583335,-101800.94055416665,0.6821750764691462
3. Turistico (Airbnb/Booking),302,26,10,2051-10-01,0.625,2760.7,1256.5383395833335,1504.1616604166666,432975.14736496354,168850.64736496354,1.8196055783356315
4. Mixto (curso+verano),302,26,10,2051-10-01,0.95,833.625,207.83496458333332,625.7900354166667,235986.43092408817,-28138.06907591183,0.9917479761466198
1. Residencial anual,303,26,11,2051-11-01,0.95,912.0,212.92933958333333,699.0706604166667,211818.41010625,-52306.08989375,0.8901803324490439
2. Estudiantil x habitacion,303,26,11,2051-11-01,0.95,833.625,207.83496458333332,625.7900354166667,162949.34948125,-101175.15051874999,0.6848049988705611
3. Turistico (Airbnb/Booking),303,26,11,2051-11-01,0.6,2650.272,1217.2227795833332,1433.049220416667,434408.1965853802,170283.69658538018,1.8256280587744491
4. Mixto (curso+verano),303,26,11,2051-11-01,0.95,833.625,207.83496458333332,625.7900354166667,236612.22095950483,-27512.279040495167,0.9943778985480346
1. Residencial anual,304,26,12,2051-12-01,0.95,912.0,212.92933958333333,699.0706604166667,212517.48076666667,-51607.019233333325,0.8931182213350144
2. Estudiantil x habitacion,304,26,12,2051-12-01,0.95,833.625,207.83496458333332,625.7900354166667,163575.13951666668,-100549.36048333332,0.6874349212719759
3. Turistico (Airbnb/Booking),304,26,12,2051-12-01,0.575,2539.8439999999996,1177.9072195833332,1361.9367804166666,435770.1333657969,171645.63336579688,1.831351684663992
4. Mixto (curso+verano),304,26,12,2051-12-01,0.95,833.625,207.83496458333332,625.7900354166667,237238.0109949215,-26886.489005078503,0.9970078209494494
1. Residencial anual,305,26,1,2052-01-01,0.95,912.0,212.92933958333333,699.0706604166667,213216.55142708332,-50907.94857291668,0.8960561102209847
2. Estudiantil x habitacion,305,26,1,2052-01-01,0.95,833.625,207.83496458333332,625.7900354166667,164200.92955208334,-99923.57044791666,0.6900648436733908
3. Turistico (Airbnb/Booking),305,26,1,2052-01-01,0.5566987298107781,2459.005093421784,1149.1262321353106,1309.8788612864735,437080.0122270833,172955.51222708332,1.836856533839392
4. Mixto (curso+verano),305,26,1,2052-01-01,0.95,833.625,207.83496458333332,625.7900354166667,237863.80103033816,-26260.69896966184,0.9996377433508643
1. Residencial anual,306,26,2,2052-02-01,0.95,912.0,212.92933958333333,699.0706604166667,213915.6220875,-50208.8779125,0.8989939991069552
2. Estudiantil x habitacion,306,26,2,2052-02-01,0.95,833.625,207.83496458333332,625.7900354166667,164826.7195875,-99297.7804125,0.6926947660748056
3. Turistico (Airbnb/Booking),306,26,2,2052-02-01,0.5499999999999999,2429.4159999999997,1138.5916595833332,1290.8243404166667,438370.8365675,174246.33656750002,1.8422813051796596
4. Mixto (curso+verano),306,26,2,2052-02-01,0.95,833.625,207.83496458333332,625.7900354166667,238489.59106575482,-25634.908934245177,1.002267665752279
1. Residencial anual,307,26,3,2052-03-01,0.95,912.0,212.92933958333333,699.0706604166667,214614.69274791668,-49509.80725208332,0.9019318879929257
2. Estudiantil x habitacion,307,26,3,2052-03-01,0.95,833.625,207.83496458333332,625.7900354166667,165452.50962291667,-98671.99037708333,0.6953246884762205
3. Turistico (Airbnb/Booking),307,26,3,2052-03-01,0.5566987298107781,2459.005093421784,1149.1262321353106,1309.8788612864735,439680.71542878647,175556.21542878647,1.8477861543550598
4. Mixto (curso+verano),307,26,3,2052-03-01,0.95,833.625,207.83496458333332,625.7900354166667,239115.38110117152,-25009.118898828485,1.0048975881536941
1. Residencial anual,308,26,4,2052-04-01,0.95,912.0,212.92933958333333,699.0706604166667,215313.76340833333,-48810.736591666675,0.9048697768788961
2. Estudiantil x habitacion,308,26,4,2052-04-01,0.95,833.625,207.83496458333332,625.7900354166667,166078.29965833333,-98046.20034166667,0.6979546108776353
3. Turistico (Airbnb/Booking),308,26,4,2052-04-01,0.575,2539.8439999999996,1177.9072195833332,1361.9367804166666,441042.65220920317,176918.15220920317,1.8535097802446026
4. Mixto (curso+verano),308,26,4,2052-04-01,0.95,833.625,207.83496458333332,625.7900354166667,239741.17113658818,-24383.32886341182,1.007527510555109
1. Residencial anual,309,26,5,2052-05-01,0.95,912.0,212.92933958333333,699.0706604166667,216012.83406875,-48111.66593125,0.9078076657648666
2. Estudiantil x habitacion,309,26,5,2052-05-01,0.95,833.625,207.83496458333332,625.7900354166667,166704.08969375,-97420.41030625,0.7005845332790502
3. Turistico (Airbnb/Booking),309,26,5,2052-05-01,0.6,2650.272,1217.2227795833332,1433.049220416667,442475.7014296198,178351.2014296198,1.8595322606834201
4. Mixto (curso+verano),309,26,5,2052-05-01,0.95,833.625,207.83496458333332,625.7900354166667,240366.96117200484,-23757.53882799516,1.0101574329565237
1. Residencial anual,310,26,6,2052-06-01,0.95,912.0,212.92933958333333,699.0706604166667,216711.90472916668,-47412.59527083332,0.9107455546508371
2. Estudiantil x habitacion,310,26,6,2052-06-01,0.95,833.625,207.83496458333332,625.7900354166667,167329.87972916666,-96794.62027083334,0.703214455680465
3. Turistico (Airbnb/Booking),310,26,6,2052-06-01,0.625,2760.7,1256.5383395833335,1504.1616604166666,443979.8630900365,179855.3630900365,1.865853595671513
4. Mixto (curso+verano),310,26,6,2052-06-01,0.95,833.625,207.83496458333332,625.7900354166667,240992.7512074215,-23131.748792578495,1.0127873553579387
1. Residencial anual,311,26,7,2052-07-01,0.95,912.0,212.92933958333333,699.0706604166667,217410.97538958333,-46713.52461041667,0.9136834435368074
2. Estudiantil x habitacion,311,26,7,2052-07-01,0.3,263.25,170.76058958333334,92.48941041666667,167422.36913958334,-96702.13086041666,0.7036031483067171
3. Turistico (Airbnb/Booking),311,26,7,2052-07-01,0.6433012701892219,2841.5389065782156,1285.3193270313561,1556.2195795468597,445536.0826695833,181411.58266958332,1.872393707373748
4. Mixto (curso+verano),311,26,7,2052-07-01,0.6433012701892219,2841.5389065782156,1285.3193270313561,1556.2195795468597,242548.97078696836,-21575.529213031637,1.0193274670601737
1. Residencial anual,312,26,8,2052-08-01,0.95,912.0,212.92933958333333,699.0706604166667,218110.04605,-46014.453949999996,0.9166213324227779
2. Estudiantil x habitacion,312,26,8,2052-08-01,0.3,263.25,170.76058958333334,92.48941041666667,167514.85855,-96609.64145,0.7039918409329692
3. Turistico (Airbnb/Booking),312,26,8,2052-08-01,0.65,2871.128,1295.8538995833335,1575.274100416667,447111.35677,182986.85677,1.8790138969111159
4. Mixto (curso+verano),312,26,8,2052-08-01,0.65,2871.128,1295.8538995833335,1575.274100416667,244124.24488738502,-20000.255112614977,1.0259476565975416
1. Residencial anual,313,27,9,2052-09-01,0.95,912.0,212.92933958333333,699.0706604166667,218809.11671041668,-45315.38328958332,0.9195592213087485
2. Estudiantil x habitacion,313,27,9,2052-09-01,0.95,833.625,207.83496458333332,625.7900354166667,168140.64858541667,-95983.85141458333,0.706621763334384
3. Turistico (Airbnb/Booking),313,27,9,2052-09-01,0.6433012701892219,2841.5389065782156,1285.3193270313561,1556.2195795468597,448667.57634954684,184543.07634954684,1.8855540086133509
4. Mixto (curso+verano),313,27,9,2052-09-01,0.95,833.625,207.83496458333332,625.7900354166667,244750.0349228017,-19374.465077198314,1.0285775789989564
1. Residencial anual,314,27,10,2052-10-01,0.95,912.0,212.92933958333333,699.0706604166667,219508.18737083333,-44616.31262916667,0.9224971101947188
2. Estudiantil x habitacion,314,27,10,2052-10-01,0.95,833.625,207.83496458333332,625.7900354166667,168766.43862083333,-95358.06137916667,0.7092516857357988
3. Turistico (Airbnb/Booking),314,27,10,2052-10-01,0.625,2760.7,1256.5383395833335,1504.1616604166666,450171.73800996353,186047.23800996353,1.8918753436014437
4. Mixto (curso+verano),314,27,10,2052-10-01,0.95,833.625,207.83496458333332,625.7900354166667,245375.82495821835,-18748.67504178165,1.0312075014003712
1. Residencial anual,315,27,11,2052-11-01,0.95,912.0,212.92933958333333,699.0706604166667,220207.25803125,-43917.24196874999,0.9254349990806893
2. Estudiantil x habitacion,315,27,11,2052-11-01,0.95,833.625,207.83496458333332,625.7900354166667,169392.22865625,-94732.27134375,0.7118816081372137
3. Turistico (Airbnb/Booking),315,27,11,2052-11-01,0.6,2650.272,1217.2227795833332,1433.049220416667,451604.78723038017,187480.28723038017,1.8978978240402613
4. Mixto (curso+verano),315,27,11,2052-11-01,0.95,833.625,207.83496458333332,625.7900354166667,246001.61499363504,-18122.88500636496,1.0338374238017862
1. Residencial anual,316,27,12,2052-12-01,0.95,912.0,212.92933958333333,699.0706604166667,220906.32869166665,-43218.171308333345,0.9283728879666596
2. Estudiantil x habitacion,316,27,12,2052-12-01,0.95,833.625,207.83496458333332,625.7900354166667,170018.01869166666,-94106.48130833334,0.7145115305386285
3. Turistico (Airbnb/Booking),316,27,12,2052-12-01,0.575,2539.8439999999996,1177.9072195833332,1361.9367804166666,452966.72401079687,188842.22401079687,1.903621449929804
4. Mixto (curso+verano),316,27,12,2052-12-01,0.95,833.625,207.83496458333332,625.7900354166667,246627.4050290517,-17497.094970948296,1.036467346203201
1. Residencial anual,317,27,1,2053-01-01,0.95,912.0,212.92933958333333,699.0706604166667,221605.39935208333,-42519.10064791667,0.9313107768526301
2. Estudiantil x habitacion,317,27,1,2053-01-01,0.95,833.625,207.83496458333332,625.7900354166667,170643.80872708335,-93480.69127291665,0.7171414529400435
3. Turistico (Airbnb/Booking),317,27,1,2053-01-01,0.5566987298107781,2459.005093421784,1149.1262321353106,1309.8788612864735,454276.6028720833,190152.1028720833,1.909126299105204
4. Mixto (curso+verano),317,27,1,2053-01-01,0.95,833.625,207.83496458333332,625.7900354166667,247253.19506446837,-16871.304935531633,1.039097268604616
1. Residencial anual,318,27,2,2053-02-01,0.95,912.0,212.92933958333333,699.0706604166667,222304.4700125,-41820.02998749999,0.9342486657386005
2. Estudiantil x habitacion,318,27,2,2053-02-01,0.95,833.625,207.83496458333332,625.7900354166667,171269.5987625,-92854.90123749999,0.7197713753414583
3. Turistico (Airbnb/Booking),318,27,2,2053-02-01,0.5499999999999999,2429.4159999999997,1138.5916595833332,1290.8243404166667,455567.4272125,191442.9272125,1.9145510704454718
4. Mixto (curso+verano),318,27,2,2053-02-01,0.95,833.625,207.83496458333332,625.7900354166667,247878.98509988503,-16245.51490011497,1.0417271910060308
1. Residencial anual,319,27,3,2053-03-01,0.95,912.0,212.92933958333333,699.0706604166667,223003.54067291666,-41120.95932708334,0.9371865546245709
2. Estudiantil x habitacion,319,27,3,2053-03-01,0.95,833.625,207.83496458333332,625.7900354166667,171895.38879791668,-92229.11120208332,0.7224012977428732
3. Turistico (Airbnb/Booking),319,27,3,2053-03-01,0.5566987298107781,2459.005093421784,1149.1262321353106,1309.8788612864735,456877.30607378646,192752.80607378646,1.920055919620872
4. Mixto (curso+verano),319,27,3,2053-03-01,0.95,833.625,207.83496458333332,625.7900354166667,248504.7751353017,-15619.724864698306,1.0443571134074456
1. Residencial anual,320,27,4,2053-04-01,0.95,912.0,212.92933958333333,699.0706604166667,223702.61133333333,-40421.888666666666,0.9401244435105415
2. Estudiantil x habitacion,320,27,4,2053-04-01,0.95,833.625,207.83496458333332,625.7900354166667,172521.17883333334,-91603.32116666666,0.725031220144288
3. Turistico (Airbnb/Booking),320,27,4,2053-04-01,0.575,2539.8439999999996,1177.9072195833332,1361.9367804166666,458239.24285420316,194114.74285420316,1.9257795455104145
4. Mixto (curso+verano),320,27,4,2053-04-01,0.95,833.625,207.83496458333332,625.7900354166667,249130.56517071836,-14993.934829281643,1.0469870358088604
1. Residencial anual,321,27,5,2053-05-01,0.95,912.0,212.92933958333333,699.0706604166667,224401.68199375,-39722.81800624999,0.9430623323965119
2. Estudiantil x habitacion,321,27,5,2053-05-01,0.95,833.625,207.83496458333332,625.7900354166667,173146.96886875,-90977.53113125,0.7276611425457029
3. Turistico (Airbnb/Booking),321,27,5,2053-05-01,0.6,2650.272,1217.2227795833332,1433.049220416667,459672.2920746198,195547.7920746198,1.9318020259492321
4. Mixto (curso+verano),321,27,5,2053-05-01,0.95,833.625,207.83496458333332,625.7900354166667,249756.35520613502,-14368.14479386498,1.0496169582102755
1. Residencial anual,322,27,6,2053-06-01,0.95,912.0,212.92933958333333,699.0706604166667,225100.75265416666,-39023.74734583334,0.9460002212824823
2. Estudiantil x habitacion,322,27,6,2053-06-01,0.95,833.625,207.83496458333332,625.7900354166667,173772.75890416667,-90351.74109583333,0.7302910649471177
3. Turistico (Airbnb/Booking),322,27,6,2053-06-01,0.625,2760.7,1256.5383395833335,1504.1616604166666,461176.4537350365,197051.95373503648,1.938123360937325
4. Mixto (curso+verano),322,27,6,2053-06-01,0.95,833.625,207.83496458333332,625.7900354166667,250382.14524155168,-13742.354758448317,1.0522468806116902
1. Residencial anual,323,27,7,2053-07-01,0.95,912.0,212.92933958333333,699.0706604166667,225799.82331458334,-38324.67668541666,0.9489381101684528
2. Estudiantil x habitacion,323,27,7,2053-07-01,0.3,263.25,170.76058958333334,92.48941041666667,173865.24831458332,-90259.25168541668,0.7306797575733697
3. Turistico (Airbnb/Booking),323,27,7,2053-07-01,0.6433012701892219,2841.5389065782156,1285.3193270313561,1556.2195795468597,462732.6733145833,198608.1733145833,1.94466347263956
4. Mixto (curso+verano),323,27,7,2053-07-01,0.6433012701892219,2841.5389065782156,1285.3193270313561,1556.2195795468597,251938.36482109854,-12186.135178901459,1.0587869923139253
1. Residencial anual,324,27,8,2053-08-01,0.95,912.0,212.92933958333333,699.0706604166667,226498.893975,-37625.60602499999,0.9518759990544232
2. Estudiantil x habitacion,324,27,8,2053-08-01,0.3,263.25,170.76058958333334,92.48941041666667,173957.737725,-90166.76227499999,0.7310684501996219
3. Turistico (Airbnb/Booking),324,27,8,2053-08-01,0.65,2871.128,1295.8538995833335,1575.274100416667,464307.947415,200183.447415,1.9512836621769278
4. Mixto (curso+verano),324,27,8,2053-08-01,0.65,2871.128,1295.8538995833335,1575.274100416667,253513.63892151523,-10610.86107848477,1.0654071818512934
1. Residencial anual,325,28,9,2053-09-01,0.95,912.0,212.92933958333333,699.0706604166667,227197.96463541666,-36926.53536458334,0.9548138879403936
2. Estudiantil x habitacion,325,28,9,2053-09-01,0.95,833.625,207.83496458333332,625.7900354166667,174583.52776041668,-89540.97223958332,0.7336983726010367
3. Turistico (Airbnb/Booking),325,28,9,2053-09-01,0.6433012701892219,2841.5389065782156,1285.3193270313561,1556.2195795468597,465864.16699454683,201739.66699454683,1.957823773879163
4. Mixto (curso+verano),325,28,9,2053-09-01,0.95,833.625,207.83496458333332,625.7900354166667,254139.4289569319,-9985.071043068107,1.0680371042527081
1. Residencial anual,326,28,10,2053-10-01,0.95,912.0,212.92933958333333,699.0706604166667,227897.03529583334,-36227.46470416666,0.9577517768263641
2. Estudiantil x habitacion,326,28,10,2053-10-01,0.95,833.625,207.83496458333332,625.7900354166667,175209.31779583334,-88915.18220416666,0.7363282950024516
3. Turistico (Airbnb/Booking),326,28,10,2053-10-01,0.625,2760.7,1256.5383395833335,1504.1616604166666,467368.3286549635,203243.82865496352,1.964145108867256
4. Mixto (curso+verano),326,28,10,2053-10-01,0.95,833.625,207.83496458333332,625.7900354166667,254765.21899234856,-9359.281007651443,1.070667026654123
1. Residencial anual,327,28,11,2053-11-01,0.95,912.0,212.92933958333333,699.0706604166667,228596.10595625,-35528.39404375001,0.9606896657123345
2. Estudiantil x habitacion,327,28,11,2053-11-01,0.95,833.625,207.83496458333332,625.7900354166667,175835.10783125,-88289.39216875,0.7389582174038664
3. Turistico (Airbnb/Booking),327,28,11,2053-11-01,0.6,2650.272,1217.2227795833332,1433.049220416667,468801.3778753802,204676.87787538022,1.9701675893060737
4. Mixto (curso+verano),327,28,11,2053-11-01,0.95,833.625,207.83496458333332,625.7900354166667,255391.00902776522,-8733.49097223478,1.0732969490555377
1. Residencial anual,328,28,12,2053-12-01,0.95,912.0,212.92933958333333,699.0706604166667,229295.17661666666,-34829.323383333336,0.963627554598305
2. Estudiantil x habitacion,328,28,12,2053-12-01,0.95,833.625,207.83496458333332,625.7900354166667,176460.89786666667,-87663.60213333333,0.7415881398052813
3. Turistico (Airbnb/Booking),328,28,12,2053-12-01,0.575,2539.8439999999996,1177.9072195833332,1361.9367804166666,470163.31465579686,206038.81465579686,1.975891215195616
4. Mixto (curso+verano),328,28,12,2053-12-01,0.95,833.625,207.83496458333332,625.7900354166667,256016.79906318188,-8107.700936818117,1.0759268714569528
1. Residencial anual,329,28,1,2054-01-01,0.95,912.0,212.92933958333333,699.0706604166667,229994.24727708334,-34130.25272291666,0.9665654434842754
2. Estudiantil x habitacion,329,28,1,2054-01-01,0.95,833.625,207.83496458333332,625.7900354166667,177086.68790208333,-87037.81209791667,0.7442180622066961
3. Turistico (Airbnb/Booking),329,28,1,2054-01-01,0.5566987298107781,2459.005093421784,1149.1262321353106,1309.8788612864735,471473.19351708336,207348.69351708336,1.9813960643710165
4. Mixto (curso+verano),329,28,1,2054-01-01,0.95,833.625,207.83496458333332,625.7900354166667,256642.58909859855,-7481.910901401454,1.0785567938583676
1. Residencial anual,330,28,2,2054-02-01,0.95,912.0,212.92933958333333,699.0706604166667,230693.3179375,-33431.18206250001,0.9695033323702458
2. Estudiantil x habitacion,330,28,2,2054-02-01,0.95,833.625,207.83496458333332,625.7900354166667,177712.4779375,-86412.02206250001,0.746847984608111
3. Turistico (Airbnb/Booking),330,28,2,2054-02-01,0.5499999999999999,2429.4159999999997,1138.5916595833332,1290.8243404166667,472764.0178575,208639.5178575,1.986820835711284
4. Mixto (curso+verano),330,28,2,2054-02-01,0.95,833.625,207.83496458333332,625.7900354166667,257268.3791340152,-6856.120865984791,1.0811867162597824
1. Residencial anual,331,28,3,2054-03-01,0.95,912.0,212.92933958333333,699.0706604166667,231392.38859791667,-32732.111402083334,0.9724412212562162
2. Estudiantil x habitacion,331,28,3,2054-03-01,0.95,833.625,207.83496458333332,625.7900354166667,178338.26797291668,-85786.23202708332,0.7494779070095259
3. Turistico (Airbnb/Booking),331,28,3,2054-03-01,0.5566987298107781,2459.005093421784,1149.1262321353106,1309.8788612864735,474073.89671878645,209949.39671878645,1.992325684886684
4. Mixto (curso+verano),331,28,3,2054-03-01,0.95,833.625,207.83496458333332,625.7900354166667,257894.1691694319,-6230.3308305680985,1.0838166386611974
1. Residencial anual,332,28,4,2054-04-01,0.95,912.0,212.92933958333333,699.0706604166667,232091.45925833334,-32033.040741666657,0.9753791101421868
2. Estudiantil x habitacion,332,28,4,2054-04-01,0.95,833.625,207.83496458333332,625.7900354166667,178964.05800833335,-85160.44199166665,0.7521078294109408
3. Turistico (Airbnb/Booking),332,28,4,2054-04-01,0.575,2539.8439999999996,1177.9072195833332,1361.9367804166666,475435.83349920315,211311.33349920315,1.9980493107762267
4. Mixto (curso+verano),332,28,4,2054-04-01,0.95,833.625,207.83496458333332,625.7900354166667,258519.95920484856,-5604.540795151435,1.0864465610626122
1. Residencial anual,333,28,5,2054-05-01,0.95,912.0,212.92933958333333,699.0706604166667,232790.52991875,-31333.97008125001,0.9783169990281572
2. Estudiantil x habitacion,333,28,5,2054-05-01,0.95,833.625,207.83496458333332,625.7900354166667,179589.84804375,-84534.65195624999,0.7547377518123556
3. Turistico (Airbnb/Booking),333,28,5,2054-05-01,0.6,2650.272,1217.2227795833332,1433.049220416667,476868.8827196198,212744.38271961978,2.0040717912150443
4. Mixto (curso+verano),333,28,5,2054-05-01,0.95,833.625,207.83496458333332,625.7900354166667,259145.74924026523,-4978.750759734772,1.089076483464027
1. Residencial anual,334,28,6,2054-06-01,0.95,912.0,212.92933958333333,699.0706604166667,233489.60057916667,-30634.89942083333,0.9812548879141276
2. Estudiantil x habitacion,334,28,6,2054-06-01,0.95,833.625,207.83496458333332,625.7900354166667,180215.63807916667,-83908.86192083333,0.7573676742137704
3. Turistico (Airbnb/Booking),334,28,6,2054-06-01,0.625,2760.7,1256.5383395833335,1504.1616604166666,478373.0443800365,214248.54438003647,2.010393126203137
4. Mixto (curso+verano),334,28,6,2054-06-01,0.95,833.625,207.83496458333332,625.7900354166667,259771.5392756819,-4352.960724318109,1.0917064058654418
1. Residencial anual,335,28,7,2054-07-01,0.95,912.0,212.92933958333333,699.0706604166667,234188.67123958335,-29935.828760416654,0.9841927768000981
2. Estudiantil x habitacion,335,28,7,2054-07-01,0.3,263.25,170.76058958333334,92.48941041666667,180308.12748958333,-83816.37251041667,0.7577563668400225
3. Turistico (Airbnb/Booking),335,28,7,2054-07-01,0.6433012701892219,2841.5389065782156,1285.3193270313561,1556.2195795468597,479929.26395958336,215804.76395958336,2.0169332379053726
4. Mixto (curso+verano),335,28,7,2054-07-01,0.6433012701892219,2841.5389065782156,1285.3193270313561,1556.2195795468597,261327.75885522875,-2796.741144771251,1.098246517567677
1. Residencial anual,336,28,8,2054-08-01,0.95,912.0,212.92933958333333,699.0706604166667,234887.7419,-29236.758100000006,0.9871306656860684
2. Estudiantil x habitacion,336,28,8,2054-08-01,0.3,263.25,170.76058958333334,92.48941041666667,180400.6169,-83723.8831,0.7581450594662744
3. Turistico (Airbnb/Booking),336,28,8,2054-08-01,0.65,2871.128,1295.8538995833335,1575.274100416667,481504.53806,217380.03806,2.02355342744274
4. Mixto (curso+verano),336,28,8,2054-08-01,0.65,2871.128,1295.8538995833335,1575.274100416667,262903.0329556454,-1221.467044354591,1.1048667071050449
1. Residencial anual,337,29,9,2054-09-01,0.95,912.0,212.92933958333333,699.0706604166667,235586.81256041667,-28537.68743958333,0.9900685545720389
2. Estudiantil x habitacion,337,29,9,2054-09-01,0.95,833.625,207.83496458333332,625.7900354166667,181026.40693541666,-83098.09306458334,0.7607749818676892
3. Turistico (Airbnb/Booking),337,29,9,2054-09-01,0.6433012701892219,2841.5389065782156,1285.3193270313561,1556.2195795468597,483060.7576395469,218936.25763954688,2.0300935391449753
4. Mixto (curso+verano),337,29,9,2054-09-01,0.95,833.625,207.83496458333332,625.7900354166667,263528.8229910621,-595.6770089379279,1.1074966295064597
1. Residencial anual,338,29,10,2054-10-01,0.95,912.0,212.92933958333333,699.0706604166667,236285.88322083335,-27838.616779166652,0.9930064434580095
2. Estudiantil x habitacion,338,29,10,2054-10-01,0.95,833.625,207.83496458333332,625.7900354166667,181652.19697083335,-82472.30302916665,0.7634049042691042
3. Turistico (Airbnb/Booking),338,29,10,2054-10-01,0.625,2760.7,1256.5383395833335,1504.1616604166666,484564.9192999635,220440.4192999635,2.036414874133068
4. Mixto (curso+verano),338,29,10,2054-10-01,0.95,833.625,207.83496458333332,625.7900354166667,264154.61302647874,30.113026478735264,1.1101265519078745
1. Residencial anual,339,29,11,2054-11-01,0.95,912.0,212.92933958333333,699.0706604166667,236984.95388125,-27139.546118750004,0.9959443323439798
2. Estudiantil x habitacion,339,29,11,2054-11-01,0.95,833.625,207.83496458333332,625.7900354166667,182277.98700625,-81846.51299374999,0.766034826670519
3. Turistico (Airbnb/Booking),339,29,11,2054-11-01,0.6,2650.272,1217.2227795833332,1433.049220416667,485997.9685203802,221873.4685203802,2.0424373545718857
4. Mixto (curso+verano),339,29,11,2054-11-01,0.95,833.625,207.83496458333332,625.7900354166667,264780.4030618954,655.9030618953984,1.1127564743092893
1. Residencial anual,340,29,12,2054-12-01,0.95,912.0,212.92933958333333,699.0706604166667,237684.02454166667,-26440.475458333327,0.9988822212299503
2. Estudiantil x habitacion,340,29,12,2054-12-01,0.95,833.625,207.83496458333332,625.7900354166667,182903.77704166668,-81220.72295833332,0.7686647490719339
3. Turistico (Airbnb/Booking),340,29,12,2054-12-01,0.575,2539.8439999999996,1177.9072195833332,1361.9367804166666,487359.90530079685,223235.40530079685,2.0481609804614282
4. Mixto (curso+verano),340,29,12,2054-12-01,0.95,833.625,207.83496458333332,625.7900354166667,265406.19309731206,1281.6930973120616,1.1153863967107043
1. Residencial anual,341,29,1,2055-01-01,0.95,912.0,212.92933958333333,699.0706604166667,238383.09520208332,-25741.40479791668,1.0018201101159208
2. Estudiantil x habitacion,341,29,1,2055-01-01,0.95,833.625,207.83496458333332,625.7900354166667,183529.56707708334,-80594.93292291666,0.7712946714733487
3. Turistico (Airbnb/Booking),341,29,1,2055-01-01,0.5566987298107781,2459.005093421784,1149.1262321353106,1309.8788612864735,488669.78416208335,224545.28416208335,2.0536658296368286
4. Mixto (curso+verano),341,29,1,2055-01-01,0.95,833.625,207.83496458333332,625.7900354166667,266031.9831327287,1907.4831327287247,1.118016319112119
1. Residencial anual,342,29,2,2055-02-01,0.95,912.0,212.92933958333333,699.0706604166667,239082.1658625,-25042.3341375,1.0047579990018911
2. Estudiantil x habitacion,342,29,2,2055-02-01,0.95,833.625,207.83496458333332,625.7900354166667,184155.3571125,-79969.1428875,0.7739245938747636
3. Turistico (Airbnb/Booking),342,29,2,2055-02-01,0.5499999999999999,2429.4159999999997,1138.5916595833332,1290.8243404166667,489960.6085025,225836.1085025,2.059090600977096
4. Mixto (curso+verano),342,29,2,2055-02-01,0.95,833.625,207.83496458333332,625.7900354166667,266657.7731681454,2533.273168145388,1.1206462415135339
1. Residencial anual,343,29,3,2055-03-01,0.95,912.0,212.92933958333333,699.0706604166667,239781.23652291668,-24343.263477083325,1.0076958878878617
2. Estudiantil x habitacion,343,29,3,2055-03-01,0.95,833.625,207.83496458333332,625.7900354166667,184781.14714791666,-79343.35285208334,0.7765545162761784
3. Turistico (Airbnb/Booking),343,29,3,2055-03-01,0.5566987298107781,2459.005093421784,1149.1262321353106,1309.8788612864735,491270.4873637865,227145.9873637865,2.0645954501524963
4. Mixto (curso+verano),343,29,3,2055-03-01,0.95,833.625,207.83496458333332,625.7900354166667,267283.5632035621,3159.0632035621093,1.1232761639149489
1. Residencial anual,344,29,4,2055-04-01,0.95,912.0,212.92933958333333,699.0706604166667,240480.30718333332,-23644.192816666677,1.010633776773832
2. Estudiantil x habitacion,344,29,4,2055-04-01,0.95,833.625,207.83496458333332,625.7900354166667,185406.93718333333,-78717.56281666667,0.7791844386775933
3. Turistico (Airbnb/Booking),344,29,4,2055-04-01,0.575,2539.8439999999996,1177.9072195833332,1361.9367804166666,492632.42414420313,228507.92414420313,2.070319076042039
4. Mixto (curso+verano),344,29,4,2055-04-01,0.95,833.625,207.83496458333332,625.7900354166667,267909.3532389788,3784.8532389787724,1.125906086316364
1. Residencial anual,345,29,5,2055-05-01,0.95,912.0,212.92933958333333,699.0706604166667,241179.37784375,-22945.12215625,1.0135716656598024
2. Estudiantil x habitacion,345,29,5,2055-05-01,0.95,833.625,207.83496458333332,625.7900354166667,186032.72721875,-78091.77278125001,0.7818143610790081
3. Turistico (Airbnb/Booking),345,29,5,2055-05-01,0.6,2650.272,1217.2227795833332,1433.049220416667,494065.47336461983,229940.97336461983,2.0763415564808567
4. Mixto (curso+verano),345,29,5,2055-05-01,0.95,833.625,207.83496458333332,625.7900354166667,268535.14327439544,4410.643274395436,1.1285360087177787
1. Residencial anual,346,29,6,2055-06-01,0.95,912.0,212.92933958333333,699.0706604166667,241878.44850416668,-22246.051495833322,1.016509554545773
2. Estudiantil x habitacion,346,29,6,2055-06-01,0.95,833.625,207.83496458333332,625.7900354166667,186658.51725416668,-77465.98274583332,0.7844442834804232
3. Turistico (Airbnb/Booking),346,29,6,2055-06-01,0.625,2760.7,1256.5383395833335,1504.1616604166666,495569.63502503646,231445.13502503646,2.0826628914689493
4. Mixto (curso+verano),346,29,6,2055-06-01,0.95,833.625,207.83496458333332,625.7900354166667,269160.9333098121,5036.433309812099,1.1311659311191935
1. Residencial anual,347,29,7,2055-07-01,0.95,912.0,212.92933958333333,699.0706604166667,242577.51916458333,-21546.980835416674,1.0194474434317433
2. Estudiantil x habitacion,347,29,7,2055-07-01,0.3,263.25,170.76058958333334,92.48941041666667,186751.00666458334,-77373.49333541666,0.7848329761066751
3. Turistico (Airbnb/Booking),347,29,7,2055-07-01,0.6433012701892219,2841.5389065782156,1285.3193270313561,1556.2195795468597,497125.85460458335,233001.35460458335,2.0892030031711846
4. Mixto (curso+verano),347,29,7,2055-07-01,0.6433012701892219,2841.5389065782156,1285.3193270313561,1556.2195795468597,270717.1528893589,6592.6528893589275,1.1377060428214285
1. Residencial anual,348,29,8,2055-08-01,0.95,912.0,212.92933958333333,699.0706604166667,243276.589825,-20847.910174999997,1.022385332317714
2. Estudiantil x habitacion,348,29,8,2055-08-01,0.3,263.25,170.76058958333334,92.48941041666667,186843.496075,-77281.003925,0.7852216687329271
3. Turistico (Airbnb/Booking),348,29,8,2055-08-01,0.65,2871.128,1295.8538995833335,1575.274100416667,498701.128705,234576.62870499998,2.095823192708552
4. Mixto (curso+verano),348,29,8,2055-08-01,0.65,2871.128,1295.8538995833335,1575.274100416667,272292.4269897756,8167.926989775617,1.1443262323587964
1. Residencial anual,349,30,9,2055-09-01,0.95,912.0,212.92933958333333,699.0706604166667,243975.66048541668,-20148.83951458332,1.0253232212036842
2. Estudiantil x habitacion,349,30,9,2055-09-01,0.95,833.625,207.83496458333332,625.7900354166667,187469.28611041667,-76655.21388958333,0.787851591134342
3. Turistico (Airbnb/Booking),349,30,9,2055-09-01,0.6433012701892219,2841.5389065782156,1285.3193270313561,1556.2195795468597,500257.34828454687,236132.84828454687,2.1023633044107872
4. Mixto (curso+verano),349,30,9,2055-09-01,0.95,833.625,207.83496458333332,625.7900354166667,272918.2170251923,8793.71702519228,1.1469561547602114
1. Residencial anual,350,30,10,2055-10-01,0.95,912.0,212.92933958333333,699.0706604166667,244674.73114583333,-19449.768854166672,1.0282611100896546
2. Estudiantil x habitacion,350,30,10,2055-10-01,0.95,833.625,207.83496458333332,625.7900354166667,188095.07614583333,-76029.42385416667,0.7904815135357568
3. Turistico (Airbnb/Booking),350,30,10,2055-10-01,0.625,2760.7,1256.5383395833335,1504.1616604166666,501761.5099449635,237637.0099449635,2.10868463939888
4. Mixto (curso+verano),350,30,10,2055-10-01,0.95,833.625,207.83496458333332,625.7900354166667,273544.00706060894,9419.507060608943,1.1495860771616262
1. Residencial anual,351,30,11,2055-11-01,0.95,912.0,212.92933958333333,699.0706604166667,245373.80180625,-18750.698193749995,1.0311989989756252
2. Estudiantil x habitacion,351,30,11,2055-11-01,0.95,833.625,207.83496458333332,625.7900354166667,188720.86618125,-75403.63381875001,0.7931114359371716
3. Turistico (Airbnb/Booking),351,30,11,2055-11-01,0.6,2650.272,1217.2227795833332,1433.049220416667,503194.5591653802,239070.0591653802,2.1147071198376977
4. Mixto (curso+verano),351,30,11,2055-11-01,0.95,833.625,207.83496458333332,625.7900354166667,274169.7970960256,10045.297096025606,1.152215999563041
1. Residencial anual,352,30,12,2055-12-01,0.95,912.0,212.92933958333333,699.0706604166667,246072.87246666668,-18051.627533333318,1.0341368878615957
2. Estudiantil x habitacion,352,30,12,2055-12-01,0.95,833.625,207.83496458333332,625.7900354166667,189346.65621666668,-74777.84378333332,0.7957413583385866
3. Turistico (Airbnb/Booking),352,30,12,2055-12-01,0.575,2539.8439999999996,1177.9072195833332,1361.9367804166666,504556.49594579684,240431.99594579684,2.12043074572724
4. Mixto (curso+verano),352,30,12,2055-12-01,0.95,833.625,207.83496458333332,625.7900354166667,274795.58713144227,10671.08713144227,1.1548459219644558
1. Residencial anual,353,30,1,2056-01-01,0.95,912.0,212.92933958333333,699.0706604166667,246771.94312708333,-17352.55687291667,1.037074776747566
2. Estudiantil x habitacion,353,30,1,2056-01-01,0.95,833.625,207.83496458333332,625.7900354166667,189972.44625208335,-74152.05374791665,0.7983712807400014
3. Turistico (Airbnb/Booking),353,30,1,2056-01-01,0.5566987298107781,2459.005093421784,1149.1262321353106,1309.8788612864735,505866.37480708334,241741.87480708334,2.1259355949026406
4. Mixto (curso+verano),353,30,1,2056-01-01,0.95,833.625,207.83496458333332,625.7900354166667,275421.37716685893,11296.877166858932,1.1574758443658706
1. Residencial anual,354,30,2,2056-02-01,0.95,912.0,212.92933958333333,699.0706604166667,247471.0137875,-16653.486212499993,1.0400126656335364
2. Estudiantil x habitacion,354,30,2,2056-02-01,0.95,833.625,207.83496458333332,625.7900354166667,190598.2362875,-73526.26371249999,0.8010012031414163
3. Turistico (Airbnb/Booking),354,30,2,2056-02-01,0.5499999999999999,2429.4159999999997,1138.5916595833332,1290.8243404166667,507157.1991475,243032.69914749998,2.131360366242908
4. Mixto (curso+verano),354,30,2,2056-02-01,0.95,833.625,207.83496458333332,625.7900354166667,276047.1672022756,11922.667202275596,1.1601057667672856
1. Residencial anual,355,30,3,2056-03-01,0.95,912.0,212.92933958333333,699.0706604166667,248170.08444791666,-15954.415552083345,1.0429505545195068
2. Estudiantil x habitacion,355,30,3,2056-03-01,0.95,833.625,207.83496458333332,625.7900354166667,191224.02632291667,-72900.47367708333,0.8036311255428311
3. Turistico (Airbnb/Booking),355,30,3,2056-03-01,0.5566987298107781,2459.005093421784,1149.1262321353106,1309.8788612864735,508467.0780087865,244342.57800878648,2.1368652154183083
4. Mixto (curso+verano),355,30,3,2056-03-01,0.95,833.625,207.83496458333332,625.7900354166667,276672.95723769226,12548.457237692259,1.1627356891687004
1. Residencial anual,356,30,4,2056-04-01,0.95,912.0,212.92933958333333,699.0706604166667,248869.15510833333,-15255.344891666668,1.0458884434054774
2. Estudiantil x habitacion,356,30,4,2056-04-01,0.95,833.625,207.83496458333332,625.7900354166667,191849.81635833334,-72274.68364166666,0.806261047944246
3. Turistico (Airbnb/Booking),356,30,4,2056-04-01,0.575,2539.8439999999996,1177.9072195833332,1361.9367804166666,509829.0147892031,245704.51478920312,2.142588841307851
4. Mixto (curso+verano),356,30,4,2056-04-01,0.95,833.625,207.83496458333332,625.7900354166667,277298.7472731089,13174.247273108922,1.1653656115701152
1. Residencial anual,357,30,5,2056-05-01,0.95,912.0,212.92933958333333,699.0706604166667,249568.22576875,-14556.27423124999,1.0488263322914477
2. Estudiantil x habitacion,357,30,5,2056-05-01,0.95,833.625,207.83496458333332,625.7900354166667,192475.60639375,-71648.89360625,0.8088909703456608
3. Turistico (Airbnb/Booking),357,30,5,2056-05-01,0.6,2650.272,1217.2227795833332,1433.049220416667,511262.0640096198,247137.56400961982,2.1486113217466687
4. Mixto (curso+verano),357,30,5,2056-05-01,0.95,833.625,207.83496458333332,625.7900354166667,277924.5373085256,13800.037308525585,1.16799553397153
1. Residencial anual,358,30,6,2056-06-01,0.95,912.0,212.92933958333333,699.0706604166667,250267.29642916666,-13857.203570833342,1.051764221177418
2. Estudiantil x habitacion,358,30,6,2056-06-01,0.95,833.625,207.83496458333332,625.7900354166667,193101.39642916666,-71023.10357083334,0.8115208927470757
3. Turistico (Airbnb/Booking),358,30,6,2056-06-01,0.625,2760.7,1256.5383395833335,1504.1616604166666,512766.22567003645,248641.72567003645,2.1549326567347613
4. Mixto (curso+verano),358,30,6,2056-06-01,0.95,833.625,207.83496458333332,625.7900354166667,278550.32734394225,14425.827343942248,1.170625456372945
1. Residencial anual,359,30,7,2056-07-01,0.95,912.0,212.92933958333333,699.0706604166667,250966.36708958333,-13158.132910416665,1.0547021100633887
2. Estudiantil x habitacion,359,30,7,2056-07-01,0.3,263.25,170.76058958333334,92.48941041666667,193193.88583958335,-70930.61416041665,0.8119095853733278
3. Turistico (Airbnb/Booking),359,30,7,2056-07-01,0.6433012701892219,2841.5389065782156,1285.3193270313561,1556.2195795468597,514322.44524958334,250197.94524958334,2.1614727684369965
4. Mixto (curso+verano),359,30,7,2056-07-01,0.6433012701892219,2841.5389065782156,1285.3193270313561,1556.2195795468597,280106.54692348914,15982.046923489135,1.1771655680751802
1. Residencial anual,360,30,8,2056-08-01,0.95,912.0,212.92933958333333,699.0706604166667,251665.43775,-12459.062249999988,1.0576399989493592
2. Estudiantil x habitacion,360,30,8,2056-08-01,0.3,263.25,170.76058958333334,92.48941041666667,193286.37525,-70838.12474999999,0.8122982779995798
3. Turistico (Airbnb/Booking),360,30,8,2056-08-01,0.65,2871.128,1295.8538995833335,1575.274100416667,515897.71935,251773.21935000003,2.1680929579743644
4. Mixto (curso+verano),360,30,8,2056-08-01,0.65,2871.128,1295.8538995833335,1575.274100416667,281681.8210239058,17557.321023905824,1.1837857576125481
